# X-COP Einasto (EIN3) hydrostatic mass profiles -- SELF-CONTAINED extract
# Source: hydrostatic_equilibrium_xcop/repo/data/einasto_mass_profiles/<cluster>/EIN3_mass.fits
#         (Eckert et al. 2022, A&A 662, A123, X-COP; Monjo 2025, ApJ 981, 195, DOI 10.3847/1538-4357/adb723)
# Extracted with astropy.io.fits, full radial grid (all 200 rows/cluster), 2026-08-07.
# Columns 4-9 (masses) are in SOLAR MASSES exactly as stored in the FITS; radii in kpc.
#   R_IN,R_OUT,R_REF = inner/outer/reference radius [kpc]
#   M_DM(_LO/_HI)    = enclosed dark(=missing) mass and its lo/hi bound [Msun]
#   MGAS(_LO/_HI)    = enclosed hot-gas (baryonic) mass and its lo/hi bound [Msun]
# Per-cluster r_nei (kpc) fitted HMG neighbour radius (model_comparison.md, xcop repo):
#   rnei A85 1180
#   rnei A644 930
#   rnei A1644 360
#   rnei A1795 560
#   rnei A2029 890
#   rnei A2142 1180
#   rnei A2255 640
#   rnei A2319 580
#   rnei A3158 630
#   rnei A3266 1040
#   rnei RXC1825 470
#   rnei ZW1215 1130
# cluster R_IN R_OUT R_REF M_DM M_DM_LO M_DM_HI MGAS MGAS_LO MGAS_HI
A85             0.000000       1.041093       0.520546   5.11274394e+09   4.81241293e+09   5.41516902e+09   1.59998490e+07   1.49901500e+07   1.71379800e+07
A85             1.041093       1.083874       1.062483   5.54744576e+09   5.22606029e+09   5.87188378e+09   1.80350280e+07   1.69001200e+07   1.93150560e+07
A85             1.083874       1.128413       1.106143   6.01781453e+09   5.67400653e+09   6.36527258e+09   2.03300520e+07   1.90526860e+07   2.17673600e+07
A85             1.128413       1.174782       1.151598   6.52768563e+09   6.15966259e+09   6.90082355e+09   2.29171880e+07   2.14797900e+07   2.45312160e+07
A85             1.174782       1.223057       1.198920   7.07950387e+09   6.68601651e+09   7.47889971e+09   2.58304580e+07   2.42155560e+07   2.76449780e+07
A85             1.223057       1.273316       1.248187   7.67727718e+09   7.25579878e+09   8.10406502e+09   2.91156800e+07   2.72995400e+07   3.11525540e+07
A85             1.273316       1.325640       1.299478   8.32365568e+09   7.87340083e+09   8.78022656e+09   3.28183200e+07   3.07753040e+07   3.51055480e+07
A85             1.325640       1.380114       1.352877   9.02320333e+09   8.54207386e+09   9.51195341e+09   3.69865000e+07   3.46935600e+07   3.95581520e+07
A85             1.380114       1.436826       1.408470   9.78032538e+09   9.26574694e+09   1.03030057e+10   4.16825400e+07   3.91120200e+07   4.45697040e+07
A85             1.436826       1.495869       1.466348   1.06004193e+10   1.00500490e+10   1.11590298e+10   4.69734640e+07   4.40871680e+07   5.02180440e+07
A85             1.495869       1.557338       1.526604   1.14868890e+10   1.08980081e+10   1.20835389e+10   5.29287760e+07   4.96941720e+07   5.65705640e+07
A85             1.557338       1.621333       1.589336   1.24457257e+10   1.18155121e+10   1.30837924e+10   5.96349400e+07   5.60076680e+07   6.37177600e+07
A85             1.621333       1.687958       1.654646   1.34841324e+10   1.28095539e+10   1.41656760e+10   6.71931200e+07   6.31231200e+07   7.17642720e+07
A85             1.687958       1.757321       1.722639   1.46070016e+10   1.38845727e+10   1.53343590e+10   7.56966480e+07   7.11358320e+07   8.08269760e+07
A85             1.757321       1.829533       1.793427   1.58204918e+10   1.50476943e+10   1.65962793e+10   8.52666320e+07   8.01613760e+07   9.10114800e+07
A85             1.829533       1.904714       1.867124   1.71304151e+10   1.63040799e+10   1.79601879e+10   9.60337440e+07   9.03126320e+07   1.02470168e+08
A85             1.904714       1.982983       1.943848   1.85458647e+10   1.76647782e+10   1.94332754e+10   1.08147320e+08   1.01742640e+08   1.15344520e+08
A85             1.982983       2.064469       2.023726   2.00777277e+10   1.91357522e+10   2.10222633e+10   1.21771680e+08   1.14601320e+08   1.29820744e+08
A85             2.064469       2.149304       2.106886   2.17324564e+10   2.07276380e+10   2.27351777e+10   1.37086736e+08   1.29085488e+08   1.46082784e+08
A85             2.149304       2.237624       2.193464   2.35184148e+10   2.24474501e+10   2.45859533e+10   1.54317376e+08   1.45371904e+08   1.64372640e+08
A85             2.237624       2.329574       2.283599   2.54499226e+10   2.43022684e+10   2.65895342e+10   1.73676912e+08   1.63677264e+08   1.84894192e+08
A85             2.329574       2.425302       2.377438   2.75361219e+10   2.63096238e+10   2.87486054e+10   1.95429056e+08   1.84233504e+08   2.07931136e+08
A85             2.425302       2.524964       2.475133   2.97849180e+10   2.84807332e+10   3.10834217e+10   2.19848512e+08   2.07342768e+08   2.33732896e+08
A85             2.524964       2.628721       2.576843   3.22118595e+10   3.08249743e+10   3.35955579e+10   2.47246000e+08   2.33324544e+08   2.62689424e+08
A85             2.628721       2.736742       2.682732   3.48315607e+10   3.33536584e+10   3.63050803e+10   2.77997664e+08   2.62532928e+08   2.95162528e+08
A85             2.736742       2.849202       2.792972   3.76628879e+10   3.60841175e+10   3.92307261e+10   3.12455936e+08   2.95298944e+08   3.31583008e+08
A85             2.849202       2.966283       2.907743   4.07199662e+10   3.90319800e+10   4.23843840e+10   3.51110176e+08   3.32073312e+08   3.72264256e+08
A85             2.966283       3.088176       3.027230   4.40114913e+10   4.22167962e+10   4.57874186e+10   3.94411200e+08   3.73385280e+08   4.17847648e+08
A85             3.088176       3.215077       3.151626   4.75634524e+10   4.56543068e+10   4.94527693e+10   4.42836288e+08   4.19571232e+08   4.68842016e+08
A85             3.215077       3.347193       3.281135   5.13936466e+10   4.93633208e+10   5.34038651e+10   4.97034656e+08   4.71408704e+08   5.25789376e+08
A85             3.347193       3.484737       3.415965   5.55200143e+10   5.33628273e+10   5.76676045e+10   5.57626304e+08   5.29411296e+08   5.89392256e+08
A85             3.484737       3.627934       3.556336   5.99689093e+10   5.76791429e+10   6.22580531e+10   6.25439680e+08   5.94182528e+08   6.60363648e+08
A85             3.627934       3.777016       3.702475   6.47690527e+10   6.23345336e+10   6.71979438e+10   7.01218368e+08   6.66881216e+08   7.39673792e+08
A85             3.777016       3.932223       3.854619   6.99394949e+10   6.73590108e+10   7.25217198e+10   7.85769600e+08   7.48054656e+08   8.27942336e+08
A85             3.932223       4.093808       4.013016   7.55084902e+10   7.27697654e+10   7.82536950e+10   8.80000576e+08   8.38564288e+08   9.26101504e+08
A85             4.093808       4.262033       4.177921   8.15127101e+10   7.86041815e+10   8.44225741e+10   9.84996096e+08   9.39650624e+08   1.03527763e+09
A85             4.262033       4.437171       4.349602   8.79809413e+10   8.48924426e+10   9.10599864e+10   1.10208986e+09   1.05257158e+09   1.15702950e+09
A85             4.437171       4.619506       4.528339   9.49455831e+10   9.16702249e+10   9.82055158e+10   1.23217165e+09   1.17824038e+09   1.29151603e+09
A85             4.619506       4.809334       4.714420   1.02444147e+11   9.89633167e+10   1.05898779e+11   1.37641485e+09   1.31808026e+09   1.44093504e+09
A85             4.809334       5.006962       4.908148   1.10510973e+11   1.06827768e+11   1.14180473e+11   1.53649574e+09   1.47367411e+09   1.60575053e+09
A85             5.006962       5.212711       5.109836   1.19198949e+11   1.15300196e+11   1.23088257e+11   1.71382298e+09   1.64613939e+09   1.78795597e+09
A85             5.212711       5.426915       5.319813   1.28548225e+11   1.24420375e+11   1.32671726e+11   1.91058483e+09   1.83802662e+09   1.98939021e+09
A85             5.426915       5.649920       5.538418   1.38617242e+11   1.34225781e+11   1.42982791e+11   2.12801779e+09   2.05012736e+09   2.21166822e+09
A85             5.649920       5.882091       5.766006   1.49443363e+11   1.44803070e+11   1.54061832e+11   2.36862541e+09   2.28580096e+09   2.45682918e+09
A85             5.882091       6.123801       6.002946   1.61096548e+11   1.56172108e+11   1.65972148e+11   2.63385395e+09   2.54542234e+09   2.72746752e+09
A85             6.123801       6.375444       6.249622   1.73625999e+11   1.68388870e+11   1.78770772e+11   2.92632141e+09   2.83239347e+09   3.02402176e+09
A85             6.375444       6.637427       6.506435   1.87087766e+11   1.81569765e+11   1.92541377e+11   3.24831974e+09   3.14946867e+09   3.34865946e+09
A85             6.637427       6.910176       6.773802   2.01567093e+11   1.95740828e+11   2.07332327e+11   3.60145382e+09   3.49809997e+09   3.70509210e+09
A85             6.910176       7.194133       7.052155   2.17125569e+11   2.10993922e+11   2.23228428e+11   3.98914048e+09   3.88243456e+09   4.09735117e+09
A85             7.194133       7.489759       7.341946   2.33838494e+11   2.27367485e+11   2.40296804e+11   4.41374925e+09   4.30420326e+09   4.52562688e+09
A85             7.489759       7.797533       7.643646   2.51820032e+11   2.44985397e+11   2.58639495e+11   4.87905536e+09   4.76499866e+09   4.99255296e+09
A85             7.797533       8.117953       7.957743   2.71128052e+11   2.63913636e+11   2.78323298e+11   5.38734848e+09   5.27094733e+09   5.50278195e+09
A85             8.117953       8.451541       8.284747   2.91839934e+11   2.84247556e+11   2.99480449e+11   5.94245274e+09   5.82266982e+09   6.06088653e+09
A85             8.451541       8.798837       8.625189   3.14126729e+11   3.06122686e+11   3.22176745e+11   6.54727219e+09   6.42552883e+09   6.66869299e+09
A85             8.798837       9.160404       8.979621   3.38058445e+11   3.29615213e+11   3.46531365e+11   7.20792115e+09   7.08060109e+09   7.33203968e+09
A85             9.160404       9.536829       9.348617   3.63738890e+11   3.54833957e+11   3.72640449e+11   7.92562944e+09   7.79757517e+09   8.05426381e+09
A85             9.536829       9.928721       9.732776   3.91285670e+11   3.81910909e+11   4.00661119e+11   8.70646579e+09   8.57306112e+09   8.84025139e+09
A85             9.928721      10.336719      10.132720   4.20867637e+11   4.10967933e+11   4.30709015e+11   9.55746304e+09   9.41300019e+09   9.69486746e+09
A85            10.336719      10.761481      10.549100   4.52611178e+11   4.42186269e+11   4.62960198e+11   1.04824463e+10   1.03260037e+10   1.06255739e+10
A85            10.761481      11.203698      10.982590   4.86632325e+11   4.75717730e+11   4.97511268e+11   1.14856704e+10   1.13155830e+10   1.16369541e+10
A85            11.203698      11.664087      11.433893   5.23135091e+11   5.11648203e+11   5.34552084e+11   1.25724723e+10   1.23923804e+10   1.27376876e+10
A85            11.664087      12.143395      11.903741   5.62322276e+11   5.50207226e+11   5.74262936e+11   1.37527695e+10   1.35573217e+10   1.39334636e+10
A85            12.143395      12.642399      12.392897   6.04295135e+11   5.91555658e+11   6.16788328e+11   1.50314404e+10   1.48168090e+10   1.52299622e+10
A85            12.642399      13.161907      12.902153   6.49283568e+11   6.35919073e+11   6.62388539e+11   1.64239012e+10   1.61879276e+10   1.66406410e+10
A85            13.161907      13.702765      13.432336   6.97521144e+11   6.83385225e+11   7.11200539e+11   1.79319665e+10   1.76777912e+10   1.81710643e+10
A85            13.702765      14.265846      13.984305   7.49172883e+11   7.34385603e+11   7.63542897e+11   1.95700265e+10   1.92955064e+10   1.98294139e+10
A85            14.265846      14.852067      14.558957   8.04516397e+11   7.88986135e+11   8.19564380e+11   2.13455135e+10   2.10527396e+10   2.16301957e+10
A85            14.852067      15.462378      15.157223   8.63808127e+11   8.47516140e+11   8.79551775e+11   2.32799539e+10   2.29651579e+10   2.35859395e+10
A85            15.462378      16.097767      15.780072   9.27319982e+11   9.10212006e+11   9.43758836e+11   2.53808742e+10   2.50458358e+10   2.57104773e+10
A85            16.097767      16.759266      16.428516   9.95219014e+11   9.77317790e+11   1.01240688e+12   2.76672573e+10   2.73075876e+10   2.80195338e+10
A85            16.759266      17.447947      17.103607   1.06792177e+12   1.04920626e+12   1.08599922e+12   3.01528044e+10   2.97756467e+10   3.05259336e+10
A85            17.447947      18.164928      17.806438   1.14569537e+12   1.12623210e+12   1.16471706e+12   3.28633467e+10   3.24655288e+10   3.32585267e+10
A85            18.164928      18.911373      18.538151   1.22901181e+12   1.20862736e+12   1.24892401e+12   3.58108324e+10   3.54022892e+10   3.62271703e+10
A85            18.911373      19.688490      19.299931   1.31814641e+12   1.29681995e+12   1.33895697e+12   3.90192128e+10   3.85956332e+10   3.94584433e+10
A85            19.688490      20.497541      20.093016   1.41348346e+12   1.39114512e+12   1.43516382e+12   4.25222226e+10   4.20827628e+10   4.29797294e+10
A85            20.497541      21.339838      20.918690   1.51549772e+12   1.49221802e+12   1.53805141e+12   4.63352955e+10   4.58776617e+10   4.68029440e+10
A85            21.339838      22.216747      21.778294   1.62448959e+12   1.60036697e+12   1.64804166e+12   5.04900239e+10   5.00170588e+10   5.09712261e+10
A85            22.216747      23.129692      22.673220   1.74101221e+12   1.71594665e+12   1.76563303e+12   5.50182994e+10   5.45252434e+10   5.55149844e+10
A85            23.129692      24.080151      23.604921   1.86556600e+12   1.83948057e+12   1.89122124e+12   5.99413801e+10   5.94283110e+10   6.04591391e+10
A85            24.080151      25.069666      24.574907   1.99855964e+12   1.97152355e+12   2.02530921e+12   6.53079183e+10   6.47701750e+10   6.58609684e+10
A85            25.069666      26.099844      25.584755   2.14074432e+12   2.11262820e+12   2.16853106e+12   7.11384924e+10   7.05764475e+10   7.17135872e+10
A85            26.099844      27.172354      26.636099   2.29263724e+12   2.26344174e+12   2.32150794e+12   7.74859162e+10   7.68903578e+10   7.80747489e+10
A85            27.172354      28.288937      27.730644   2.45486060e+12   2.42437403e+12   2.48482785e+12   8.43715379e+10   8.37585879e+10   8.49896980e+10
A85            28.288937      29.451403      28.870169   2.62799360e+12   2.59639476e+12   2.65905583e+12   9.18577234e+10   9.12321905e+10   9.24957819e+10
A85            29.451403      30.661636      30.056519   2.81284182e+12   2.78015587e+12   2.84504464e+12   9.99885619e+10   9.93275494e+10   1.00661404e+11
A85            30.661636      31.921602      31.291620   3.01015971e+12   2.97603144e+12   3.04355135e+12   1.08807266e+11   1.08116836e+11   1.09511746e+11
A85            31.921602      33.233345      32.577473   3.22060236e+12   3.18531804e+12   3.25531048e+12   1.18372213e+11   1.17641077e+11   1.19100539e+11
A85            33.233345      34.598988      33.916168   3.44516277e+12   3.40847991e+12   3.48101856e+12   1.28738099e+11   1.27976481e+11   1.29499455e+11
A85            34.598988      36.020752      35.309868   3.68457548e+12   3.64672451e+12   3.72186599e+12   1.39973526e+11   1.39159060e+11   1.40767773e+11
A85            36.020752      37.500938      36.760845   3.93994227e+12   3.90084637e+12   3.97844650e+12   1.52140546e+11   1.51263035e+11   1.52969773e+11
A85            37.500938      39.041946      38.271442   4.21214237e+12   4.17161780e+12   4.25206402e+12   1.65319262e+11   1.64380328e+11   1.66205571e+11
A85            39.041946      40.646282      39.844116   4.50229279e+12   4.46055003e+12   4.54336394e+12   1.79587760e+11   1.78604098e+11   1.80539834e+11
A85            40.646282      42.316544      41.481415   4.81160122e+12   4.76837367e+12   4.85385621e+12   1.95032023e+11   1.93998324e+11   1.96042080e+11
A85            42.316544      44.055439      43.185993   5.14101766e+12   5.09647310e+12   5.18481248e+12   2.11761988e+11   2.10676548e+11   2.12828750e+11
A85            44.055439      45.865791      44.960617   5.49215325e+12   5.44645212e+12   5.53727558e+12   2.29883740e+11   2.28756603e+11   2.31033881e+11
A85            45.865791      47.750538      46.808167   5.86590716e+12   5.81878153e+12   5.91266788e+12   2.49541886e+11   2.48342135e+11   2.50731971e+11
A85            47.750538      49.712730      48.731632   6.26363413e+12   6.21539544e+12   6.31223878e+12   2.70871937e+11   2.69600309e+11   2.72089760e+11
A85            49.712730      51.755554      50.734142   6.68741298e+12   6.63791285e+12   6.73771317e+12   2.94003507e+11   2.92660511e+11   2.95264322e+11
A85            51.755554      53.882324      52.818939   7.13860212e+12   7.08752336e+12   7.19019888e+12   3.19088951e+11   3.17708730e+11   3.20419365e+11
A85            53.882324      56.096489      54.989407   7.61845986e+12   7.56584284e+12   7.67171651e+12   3.46331087e+11   3.44905548e+11   3.47755053e+11
A85            56.096489      58.401642      57.249065   8.12933448e+12   8.07505861e+12   8.18350339e+12   3.75945593e+11   3.74476046e+11   3.77428443e+11
A85            58.401642      60.801514      59.601578   8.67244232e+12   8.61671627e+12   8.72815578e+12   4.08154341e+11   4.06656188e+11   4.09698959e+11
A85            60.801514      63.300007      62.050762   9.25010546e+12   9.19247258e+12   9.30788934e+12   4.43167769e+11   4.41618203e+11   4.44789293e+11
A85            63.300007      65.901169      64.600586   9.86438645e+12   9.80500768e+12   9.92313606e+12   4.81241661e+11   4.79643533e+11   4.82955264e+11
A85            65.901169      68.609215      67.255196   1.05173148e+13   1.04556627e+13   1.05769242e+13   5.22669457e+11   5.21005302e+11   5.24414845e+11
A85            68.609215      71.428551      70.018883   1.12112613e+13   1.11478015e+13   1.12721396e+13   5.67731683e+11   5.65968241e+11   5.69552404e+11
A85            71.428551      74.363731      72.896141   1.19479887e+13   1.18834384e+13   1.20105279e+13   6.16685765e+11   6.14822707e+11   6.18618749e+11
A85            74.363731      77.419533      75.891632   1.27307130e+13   1.26633546e+13   1.27953074e+13   6.69889069e+11   6.67916894e+11   6.71941591e+11
A85            77.419533      80.600899      79.010216   1.35616874e+13   1.34922507e+13   1.36281735e+13   7.27687234e+11   7.25570814e+11   7.29814794e+11
A85            80.600899      83.913002      82.256950   1.44442057e+13   1.43718508e+13   1.45124292e+13   7.90372024e+11   7.88145570e+11   7.92569577e+11
A85            83.913002      87.361206      85.637100   1.53806680e+13   1.53058604e+13   1.54518736e+13   8.58317980e+11   8.56002658e+11   8.60667642e+11
A85            87.361206      90.951103      89.156151   1.63743500e+13   1.62978123e+13   1.64484277e+13   9.31888693e+11   9.29431224e+11   9.34357893e+11
A85            90.951103      94.688522      92.819809   1.74291881e+13   1.73500122e+13   1.75060487e+13   1.01147954e+12   1.00887770e+12   1.01409908e+12
A85            94.688522      98.579514      96.634018   1.85480553e+13   1.84655995e+13   1.86267971e+13   1.09745262e+12   1.09465213e+12   1.10023973e+12
A85            98.579514     102.630402     100.604958   1.97348190e+13   1.96492279e+13   1.98168889e+13   1.19026837e+12   1.18719460e+12   1.19318014e+12
A85           102.630402     106.847755     104.739082   2.09923992e+13   2.09053402e+13   2.10782147e+13   1.29026503e+12   1.28706085e+12   1.29329057e+12
A85           106.847755     111.238403     109.043076   2.23258356e+13   2.22359097e+13   2.24162228e+13   1.39795943e+12   1.39450817e+12   1.40122482e+12
A85           111.238403     115.809479     113.523941   2.37391504e+13   2.36462864e+13   2.38338724e+13   1.51368145e+12   1.51009926e+12   1.51718226e+12
A85           115.809479     120.568390     118.188934   2.52364896e+13   2.51396641e+13   2.53349740e+13   1.63802815e+12   1.63424580e+12   1.64168794e+12
A85           120.568390     125.522858     123.045624   2.68223749e+13   2.67218856e+13   2.69257456e+13   1.77152695e+12   1.76745887e+12   1.77540458e+12
A85           125.522858     130.680923     128.101883   2.85033135e+13   2.83973884e+13   2.86099243e+13   1.91461746e+12   1.91029222e+12   1.91878267e+12
A85           130.680923     136.050934     133.365921   3.02823003e+13   3.01715790e+13   3.03947621e+13   2.06801456e+12   2.06346427e+12   2.07243877e+12
A85           136.050934     141.641617     138.846283   3.21662138e+13   3.20490355e+13   3.22843254e+13   2.23235985e+12   2.22753404e+12   2.23706743e+12
A85           141.641617     147.462051     144.551834   3.41580343e+13   3.40362904e+13   3.42815230e+13   2.40837801e+12   2.40332807e+12   2.41342611e+12
A85           147.462051     153.521637     150.491837   3.62658440e+13   3.61388657e+13   3.63970041e+13   2.59689284e+12   2.59153252e+12   2.60223743e+12
A85           153.521637     159.830246     156.675949   3.84961274e+13   3.83622410e+13   3.86336628e+13   2.79885644e+12   2.79321248e+12   2.80450354e+12
A85           159.830246     166.398087     163.114166   4.08546810e+13   4.07132743e+13   4.09998962e+13   3.01528777e+12   3.00938114e+12   3.02125259e+12
A85           166.398087     173.235809     169.816956   4.33470623e+13   4.31990914e+13   4.35015133e+13   3.24729805e+12   3.24106925e+12   3.25358689e+12
A85           173.235809     180.354523     176.795166   4.59823603e+13   4.58250571e+13   4.61454809e+13   3.49596916e+12   3.48955266e+12   3.50268975e+12
A85           180.354523     187.765762     184.060135   4.87679947e+13   4.86009985e+13   4.89415256e+13   3.76276124e+12   3.75591928e+12   3.76998514e+12
A85           187.765762     195.481537     191.623642   5.17106680e+13   5.15363276e+13   5.18941311e+13   4.04917453e+12   4.04190580e+12   4.05683988e+12
A85           195.481537     203.514389     199.497955   5.48208703e+13   5.46357840e+13   5.50118789e+13   4.35667835e+12   4.34893541e+12   4.36478987e+12
A85           203.514389     211.877319     207.695847   5.81054256e+13   5.79067540e+13   5.83076917e+13   4.68680494e+12   4.67850704e+12   4.69534140e+12
A85           211.877319     220.583908     216.230606   6.15704072e+13   6.13588759e+13   6.17853737e+13   5.04115338e+12   5.03208896e+12   5.05023876e+12
A85           220.583908     229.648270     225.116089   6.52277354e+13   6.50049214e+13   6.54568199e+13   5.42160191e+12   5.41178934e+12   5.43116860e+12
A85           229.648270     239.085114     234.366684   6.90895192e+13   6.88521384e+13   6.93306497e+13   5.82970560e+12   5.81922770e+12   5.83972264e+12
A85           239.085114     248.909744     243.997421   7.31621087e+13   7.29113900e+13   7.34182129e+13   6.26729314e+12   6.25619816e+12   6.27789110e+12
A85           248.909744     259.138092     254.023911   7.74574451e+13   7.71891774e+13   7.77247816e+13   6.73612143e+12   6.72448486e+12   6.74761015e+12
A85           259.138092     269.786743     264.462402   8.19840974e+13   8.17041276e+13   8.22681105e+13   7.23813872e+12   7.22591180e+12   7.25025554e+12
A85           269.786743     280.872986     275.329865   8.67576347e+13   8.64592268e+13   8.70570409e+13   7.77499810e+12   7.76217140e+12   7.78794068e+12
A85           280.872986     292.414764     286.643890   9.17858419e+13   9.14724183e+13   9.21023776e+13   8.34865935e+12   8.33543628e+12   8.36220590e+12
A85           292.414764     304.430847     298.422821   9.70871150e+13   9.67535336e+13   9.74271053e+13   8.96075511e+12   8.94679122e+12   8.97540476e+12
A85           304.430847     316.940704     310.685791   1.02673064e+14   1.02315055e+14   1.03029513e+14   9.61326193e+12   9.59837005e+12   9.62878400e+12
A85           316.940704     329.964630     323.452667   1.08551809e+14   1.08177945e+14   1.08930747e+14   1.03084018e+13   1.02924812e+13   1.03245299e+13
A85           329.964630     343.523743     336.744171   1.14745152e+14   1.14352078e+14   1.15146236e+14   1.10474822e+13   1.10306064e+13   1.10647732e+13
A85           343.523743     357.640015     350.581879   1.21261179e+14   1.20850053e+14   1.21686448e+14   1.18328677e+13   1.18148049e+13   1.18509839e+13
A85           357.640015     372.336365     364.988190   1.28119118e+14   1.27682902e+14   1.28568957e+14   1.26664793e+13   1.26476867e+13   1.26853432e+13
A85           372.336365     387.636627     379.986511   1.35325939e+14   1.34864070e+14   1.35808149e+14   1.35508609e+13   1.35306192e+13   1.35701390e+13
A85           387.636627     403.565643     395.601135   1.42916010e+14   1.42420545e+14   1.43420065e+14   1.44879345e+13   1.44663107e+13   1.45078071e+13
A85           403.565643     420.149200     411.857422   1.50888056e+14   1.50365966e+14   1.51422612e+14   1.54803173e+13   1.54576292e+13   1.55013664e+13
A85           420.149200     437.414215     428.781708   1.59273745e+14   1.58714879e+14   1.59840429e+14   1.65304273e+13   1.65067023e+13   1.65528176e+13
A85           437.414215     455.388702     446.401459   1.68086263e+14   1.67490001e+14   1.68688783e+14   1.76416285e+13   1.76164983e+13   1.76657478e+13
A85           455.388702     474.101807     464.745239   1.77344417e+14   1.76709383e+14   1.77987723e+14   1.88162979e+13   1.87898171e+13   1.88420823e+13
A85           474.101807     493.583862     483.842834   1.87071445e+14   1.86390625e+14   1.87756492e+14   2.00576818e+13   2.00291102e+13   2.00855236e+13
A85           493.583862     513.866516     503.725189   1.97289373e+14   1.96555454e+14   1.98008143e+14   2.13689219e+13   2.13387292e+13   2.13990853e+13
A85           513.866516     534.982605     524.424561   2.08014812e+14   2.07213415e+14   2.08769519e+14   2.27531869e+13   2.27214696e+13   2.27859801e+13
A85           534.982605     556.966431     545.974548   2.19265379e+14   2.18407090e+14   2.20080768e+14   2.42138743e+13   2.41801080e+13   2.42485150e+13
A85           556.966431     579.853638     568.410034   2.31068687e+14   2.30151359e+14   2.31940632e+14   2.57536976e+13   2.57173288e+13   2.57912681e+13
A85           579.853638     603.681335     591.767456   2.43445793e+14   2.42461306e+14   2.44389763e+14   2.73759726e+13   2.73368880e+13   2.74161562e+13
A85           603.681335     628.488159     616.084717   2.56434864e+14   2.55372028e+14   2.57447990e+14   2.90832578e+13   2.90403920e+13   2.91268261e+13
A85           628.488159     654.314392     641.401245   2.70053316e+14   2.68907617e+14   2.71134205e+14   3.08783989e+13   3.08309991e+13   3.09250291e+13
A85           654.314392     681.201843     667.758118   2.84328815e+14   2.83081227e+14   2.85497750e+14   3.27630235e+13   3.27115468e+13   3.28130468e+13
A85           681.201843     709.194214     695.197998   2.99283723e+14   2.97933459e+14   3.00538558e+14   3.47397486e+13   3.46840608e+13   3.47925108e+13
A85           709.194214     738.336792     723.765503   3.14939382e+14   3.13481241e+14   3.16308973e+14   3.68094300e+13   3.67504120e+13   3.68658015e+13
A85           738.336792     768.677002     753.506897   3.31331729e+14   3.29760375e+14   3.32825874e+14   3.89724032e+13   3.89098578e+13   3.90338330e+13
A85           768.677002     800.263916     784.470459   3.48491230e+14   3.46797269e+14   3.50139558e+14   4.12316735e+13   4.11641074e+13   4.12972766e+13
A85           800.263916     833.148865     816.706360   3.66460703e+14   3.64615175e+14   3.68257576e+14   4.35853575e+13   4.35133748e+13   4.36566858e+13
A85           833.148865     867.385071     850.266968   3.85260445e+14   3.83241878e+14   3.87219118e+14   4.60335727e+13   4.59573119e+13   4.61103914e+13
A85           867.385071     903.028198     885.206665   4.04923477e+14   4.02722306e+14   4.07052069e+14   4.85776488e+13   4.84952769e+13   4.86598781e+13
A85           903.028198     940.135986     921.582092   4.25490901e+14   4.23086860e+14   4.27827900e+14   5.12133494e+13   5.11250719e+13   5.13013963e+13
A85           940.135986     978.768616     959.452271   4.46988957e+14   4.44375369e+14   4.49543187e+14   5.39406872e+13   5.38464496e+13   5.40364809e+13
A85           978.768616    1018.988708     998.878662   4.69460595e+14   4.66607093e+14   4.72221353e+14   5.67578963e+13   5.66541964e+13   5.68620661e+13
A85          1018.988708    1060.861572    1039.925171   4.92954838e+14   4.89795621e+14   4.95945175e+14   5.96609881e+13   5.95490211e+13   5.97754464e+13
A85          1060.861572    1104.455200    1082.658447   5.17469605e+14   5.14014572e+14   5.20777502e+14   6.26530368e+13   6.25279710e+13   6.27749526e+13
A85          1104.455200    1149.840088    1127.147583   5.43073482e+14   5.39295455e+14   5.46704978e+14   6.57258719e+13   6.55854215e+13   6.58586888e+13
A85          1149.840088    1197.089966    1173.465088   5.69830424e+14   5.65721818e+14   5.73771191e+14   6.88730260e+13   6.87186211e+13   6.90210220e+13
A85          1197.089966    1246.281494    1221.685791   5.97745698e+14   5.93263162e+14   6.02058114e+14   7.21002955e+13   7.19251665e+13   7.22628583e+13
A85          1246.281494    1297.494507    1271.888062   6.26878327e+14   6.22009176e+14   6.31564002e+14   7.53968339e+13   7.51971431e+13   7.55809051e+13
A85          1297.494507    1350.811890    1324.153198   6.57226432e+14   6.51930402e+14   6.62362273e+14   7.87633584e+13   7.85384095e+13   7.89709345e+13
A85          1350.811890    1406.320312    1378.566040   6.88894366e+14   6.83077035e+14   6.94453531e+14   8.21955238e+13   8.19411645e+13   8.24289620e+13
A85          1406.320312    1464.109619    1435.214966   7.21917632e+14   7.15506722e+14   7.27938035e+14   8.56865102e+13   8.54015995e+13   8.59521187e+13
A85          1464.109619    1524.273682    1494.191650   7.56324346e+14   7.49359654e+14   7.62878198e+14   8.92367788e+13   8.89081215e+13   8.95365876e+13
A85          1524.273682    1586.910034    1555.591797   7.92158399e+14   7.84596707e+14   7.99344081e+14   9.28345269e+13   9.24729192e+13   9.31771512e+13
A85          1586.910034    1652.120239    1619.515137   8.29476028e+14   8.21304047e+14   8.37283675e+14   9.64816252e+13   9.60834012e+13   9.68700346e+13
A85          1652.120239    1720.010132    1686.065186   8.68340046e+14   8.59452551e+14   8.76866026e+14   1.00182302e+14   9.97321353e+13   1.00615875e+14
A85          1720.010132    1790.689819    1755.349976   9.08794612e+14   8.99163953e+14   9.18103551e+14   1.03922933e+14   1.03429079e+14   1.04410244e+14
A85          1790.689819    1864.273926    1827.481934   9.50924751e+14   9.40474559e+14   9.61044499e+14   1.07708896e+14   1.07155181e+14   1.08253996e+14
A85          1864.273926    1940.881836    1902.577881   9.94763415e+14   9.83443157e+14   1.00577611e+15   1.11529328e+14   1.10912027e+14   1.12141982e+14
A85          1940.881836    2020.637695    1980.759766   1.04031255e+15   1.02806814e+15   1.05225061e+15   1.15378525e+14   1.14707889e+14   1.16067221e+14
A85          2020.637695    2103.670898    2062.154297   1.08766644e+15   1.07439177e+15   1.10060678e+15   1.19273826e+14   1.18531526e+14   1.20041014e+14
A85          2103.670898    2190.116211    2146.893555   1.13691059e+15   1.12251494e+15   1.15086736e+15   1.23191498e+14   1.22374775e+14   1.24067571e+14
A85          2190.116211    2280.113770    2235.114990   1.18810553e+15   1.17247708e+15   1.20325589e+15   1.27140746e+14   1.26239507e+14   1.28123186e+14
A85          2280.113770    2373.809570    2326.961670   1.24134125e+15   1.22437774e+15   1.25764266e+15   1.31120604e+14   1.30134934e+14   1.32222657e+14
A85          2373.809570    2471.355469    2422.582520   1.29650446e+15   1.27826240e+15   1.31412725e+15   1.35131776e+14   1.34041542e+14   1.36354466e+14
A85          2471.355469    2572.909912    2522.132812   1.35380872e+15   1.33414489e+15   1.37288818e+15   1.39170538e+14   1.37965137e+14   1.40544014e+14
A85          2572.909912    2678.637451    2625.773682   1.41325523e+15   1.39209057e+15   1.43397737e+15   1.43225969e+14   1.41895922e+14   1.44778130e+14
A85          2678.637451    2788.709717    2733.673584   1.47493351e+15   1.45207757e+15   1.49713903e+15   1.47308990e+14   1.45852039e+14   1.49061454e+14
A85          2788.709717    2903.304932    2846.007324   1.53890047e+15   1.51415220e+15   1.56288102e+15   1.51418988e+14   1.49812167e+14   1.53385915e+14
A85          2903.304932    3022.609375    2962.957031   1.60520886e+15   1.57841202e+15   1.63108953e+15   1.55570074e+14   1.53775264e+14   1.57773996e+14
A85          3022.609375    3146.816162    3084.712646   1.67397867e+15   1.64512414e+15   1.70180858e+15   1.59764932e+14   1.57743730e+14   1.62211285e+14
A644            0.000000       1.039652       0.519826   8.25662480e+07   6.38911080e+07   1.08891760e+08   2.59173725e+06   2.19943600e+06   3.26481525e+06
A644            1.039652       1.080875       1.060263   9.25332320e+07   7.16688720e+07   1.21892768e+08   2.91169650e+06   2.47119300e+06   3.66710625e+06
A644            1.080875       1.123734       1.102304   1.03697312e+08   8.03920800e+07   1.36452672e+08   3.27096325e+06   2.77637700e+06   4.11861325e+06
A644            1.123734       1.168291       1.146012   1.16187856e+08   9.01622000e+07   1.52718080e+08   3.67455050e+06   3.11937550e+06   4.62552550e+06
A644            1.168291       1.214616       1.191453   1.30172560e+08   1.01110312e+08   1.70896512e+08   4.12771350e+06   3.50503575e+06   5.19478650e+06
A644            1.214616       1.262777       1.238696   1.45838784e+08   1.13382208e+08   1.91237296e+08   4.63664350e+06   3.93836900e+06   5.83468000e+06
A644            1.262777       1.312848       1.287812   1.63385888e+08   1.27137136e+08   2.13999376e+08   5.20826450e+06   4.42529500e+06   6.55389000e+06
A644            1.312848       1.364904       1.338876   1.83032176e+08   1.42553344e+08   2.39420144e+08   5.85027400e+06   4.97240750e+06   7.36164200e+06
A644            1.364904       1.419025       1.391965   2.05011232e+08   1.59826112e+08   2.67864704e+08   6.57182850e+06   5.58687950e+06   8.26879650e+06
A644            1.419025       1.475291       1.447158   2.29600896e+08   1.79195600e+08   2.99671424e+08   7.38243300e+06   6.27675000e+06   9.28753700e+06
A644            1.475291       1.533789       1.504540   2.57177744e+08   2.00906240e+08   3.35255872e+08   8.29190150e+06   7.05167800e+06   1.04315300e+07
A644            1.533789       1.594606       1.564197   2.88039584e+08   2.25224912e+08   3.74986592e+08   9.31464100e+06   7.92227400e+06   1.17161040e+07
A644            1.594606       1.657834       1.626220   3.22495232e+08   2.52440336e+08   4.19431744e+08   1.04634090e+07   8.90036800e+06   1.31584480e+07
A644            1.657834       1.723570       1.690702   3.61044928e+08   2.82927168e+08   4.69095616e+08   1.17548980e+07   9.99992700e+06   1.47762780e+07
A644            1.723570       1.791912       1.757741   4.04256224e+08   3.17077696e+08   5.24571008e+08   1.32050650e+07   1.12362980e+07   1.65896510e+07
A644            1.791912       1.862964       1.827438   4.52612640e+08   3.55347648e+08   5.86601472e+08   1.48311510e+07   1.26254990e+07   1.86293160e+07
A644            1.862964       1.936833       1.899898   5.06674080e+08   3.98219328e+08   6.55990080e+08   1.66577720e+07   1.41854780e+07   2.09099940e+07
A644            1.936833       2.013631       1.975232   5.67118016e+08   4.46257152e+08   7.33521280e+08   1.87040540e+07   1.59358420e+07   2.34729040e+07
A644            2.013631       2.093475       2.053553   6.34755840e+08   5.00080000e+08   8.20086464e+08   2.10045120e+07   1.79025180e+07   2.63567880e+07
A644            2.093475       2.176484       2.134979   7.10524672e+08   5.60356800e+08   9.16639936e+08   2.35905940e+07   2.01099280e+07   2.95920020e+07
A644            2.176484       2.262785       2.219634   7.95222528e+08   6.27855424e+08   1.02443309e+09   2.64924640e+07   2.25917320e+07   3.32267540e+07
A644            2.262785       2.352508       2.307646   8.89931840e+08   7.03423040e+08   1.14476352e+09   2.97449620e+07   2.53779280e+07   3.72589440e+07
A644            2.352508       2.445788       2.399148   9.95804096e+08   7.87915200e+08   1.27903680e+09   3.33944460e+07   2.85047700e+07   4.18112960e+07
A644            2.445788       2.542767       2.494277   1.11419699e+09   8.82518592e+08   1.42890112e+09   3.74954800e+07   3.20133480e+07   4.69132520e+07
A644            2.542767       2.643591       2.593179   1.24657958e+09   9.88643520e+08   1.59654579e+09   4.21066000e+07   3.59530720e+07   5.26373400e+07
A644            2.643591       2.748414       2.696003   1.39452813e+09   1.10744538e+09   1.78331507e+09   4.72709560e+07   4.03762440e+07   5.90604440e+07
A644            2.748414       2.857393       2.802903   1.55981235e+09   1.24037747e+09   1.99142874e+09   5.30403400e+07   4.53490200e+07   6.62475560e+07
A644            2.857393       2.970692       2.914042   1.74441344e+09   1.38904461e+09   2.22363418e+09   5.95191960e+07   5.09342840e+07   7.42715520e+07
A644            2.970692       3.088485       3.029588   1.95081587e+09   1.55539942e+09   2.48284723e+09   6.68003720e+07   5.71958640e+07   8.32595920e+07
A644            3.088485       3.210948       3.149716   2.18154650e+09   1.74144512e+09   2.77168589e+09   7.49791520e+07   6.42314640e+07   9.33249920e+07
A644            3.210948       3.338266       3.274607   2.43917005e+09   1.94945677e+09   3.09373619e+09   8.41005280e+07   7.21167680e+07   1.04534936e+08
A644            3.338266       3.470634       3.404450   2.72710784e+09   2.18202675e+09   3.45276237e+09   9.43609840e+07   8.09820400e+07   1.17152024e+08
A644            3.470634       3.608249       3.539442   3.04841600e+09   2.44225818e+09   3.85294899e+09   1.05865920e+08   9.09122400e+07   1.31256272e+08
A644            3.608249       3.751322       3.679785   3.40672077e+09   2.73326285e+09   4.29894502e+09   1.18750600e+08   1.02075848e+08   1.46999696e+08
A644            3.751322       3.900067       3.825695   3.80719590e+09   3.05864115e+09   4.79723469e+09   1.33193320e+08   1.14576160e+08   1.64623936e+08
A644            3.900067       4.054710       3.977389   4.25469926e+09   3.42240922e+09   5.35274803e+09   1.49407696e+08   1.28592576e+08   1.84331376e+08
A644            4.054710       4.215486       4.135098   4.75410022e+09   3.82904627e+09   5.96913562e+09   1.67563136e+08   1.44333840e+08   2.06349728e+08
A644            4.215486       4.382636       4.299061   5.31101338e+09   4.28351923e+09   6.65500979e+09   1.87877568e+08   1.62005872e+08   2.30987504e+08
A644            4.382636       4.556414       4.469525   5.93200947e+09   4.79205939e+09   7.41909965e+09   2.10618176e+08   1.81858000e+08   2.58593344e+08
A644            4.556414       4.737082       4.646749   6.62406963e+09   5.36024883e+09   8.27455539e+09   2.36063728e+08   2.04099712e+08   2.89228320e+08
A644            4.737082       4.924915       4.830999   7.39693414e+09   5.99418010e+09   9.22157158e+09   2.64645456e+08   2.29035760e+08   3.23486784e+08
A644            4.924915       5.120195       5.022555   8.25873357e+09   6.70303693e+09   1.02748795e+10   2.96645344e+08   2.57066224e+08   3.61653312e+08
A644            5.120195       5.323218       5.221707   9.21972838e+09   7.49381581e+09   1.14486129e+10   3.32380800e+08   2.88414688e+08   4.04134688e+08
A644            5.323218       5.534292       5.428755   1.02921462e+10   8.37527142e+09   1.27547259e+10   3.72390048e+08   3.23453568e+08   4.51586496e+08
A644            5.534292       5.753735       5.644013   1.14884260e+10   9.36124518e+09   1.42075044e+10   4.17043712e+08   3.62781216e+08   5.04309792e+08
A644            5.753735       5.981879       5.867806   1.28197069e+10   1.04621681e+10   1.58230968e+10   4.67084832e+08   4.06644480e+08   5.63013952e+08
A644            5.981879       6.219069       6.100474   1.43022428e+10   1.16908749e+10   1.76193884e+10   5.22744224e+08   4.55884128e+08   6.28073472e+08
A644            6.219069       6.465664       6.342367   1.59548488e+10   1.30606746e+10   1.96238623e+10   5.84966272e+08   5.11063232e+08   6.99712704e+08
A644            6.465664       6.722037       6.593851   1.77971896e+10   1.45889516e+10   2.18503823e+10   6.54929600e+08   5.72904832e+08   7.79814784e+08
A644            6.722037       6.988576       6.855307   1.98488904e+10   1.62942720e+10   2.43238769e+10   7.32841280e+08   6.42023040e+08   8.68874752e+08
A644            6.988576       7.265684       7.127130   2.21349540e+10   1.81983109e+10   2.70691451e+10   8.19716096e+08   7.19285440e+08   9.68291264e+08
A644            7.265684       7.553779       7.409731   2.46800343e+10   2.03222077e+10   3.01180477e+10   9.16295680e+08   8.05661120e+08   1.07757427e+09
A644            7.553779       7.853297       7.703538   2.75102331e+10   2.26938102e+10   3.34984028e+10   1.02414682e+09   9.02403200e+08   1.20131392e+09
A644            7.853297       8.164692       8.008994   3.06553119e+10   2.53383004e+10   3.72481393e+10   1.14459392e+09   1.01084384e+09   1.33618253e+09
A644            8.164692       8.488434       8.326563   3.41611971e+10   2.82847805e+10   4.14164337e+10   1.27739456e+09   1.13218176e+09   1.48615885e+09
A644            8.488434       8.825013       8.656723   3.80558705e+10   3.15705692e+10   4.60536955e+10   1.42640934e+09   1.26757683e+09   1.65333888e+09
A644            8.825013       9.174937       8.999975   4.23855636e+10   3.52298476e+10   5.12024822e+10   1.59321139e+09   1.41909965e+09   1.83796186e+09
A644            9.174937       9.538737       9.356837   4.71987364e+10   3.92997028e+10   5.69071247e+10   1.77790541e+09   1.58788902e+09   2.04085504e+09
A644            9.538737       9.916963       9.727850   5.25472522e+10   4.38300549e+10   6.32392499e+10   1.98316608e+09   1.77764659e+09   2.26634445e+09
A644            9.916963      10.310184      10.113573   5.84886190e+10   4.88749343e+10   7.02550344e+10   2.21225216e+09   1.98860211e+09   2.51673728e+09
A644           10.310184      10.718999      10.514591   6.51054367e+10   5.44996434e+10   7.80247286e+10   2.46706637e+09   2.22377190e+09   2.79075354e+09
A644           10.718999      11.144023      10.931511   7.24389724e+10   6.07567176e+10   8.66273526e+10   2.74950042e+09   2.48835174e+09   3.09652480e+09
A644           11.144023      11.585899      11.364961   8.05872026e+10   6.77178204e+10   9.61212744e+10   3.06342554e+09   2.78343578e+09   3.43458227e+09
A644           11.585899      12.045298      11.815598   8.96364462e+10   7.54646794e+10   1.06650182e+11   3.41523123e+09   3.11081984e+09   3.81004774e+09
A644           12.045298      12.522911      12.284104   9.96625285e+10   8.40837857e+10   1.18340837e+11   3.80547712e+09   3.47887386e+09   4.22480000e+09
A644           12.522911      13.019464      12.771188   1.10798143e+11   9.36616182e+10   1.31295273e+11   4.23995853e+09   3.89008358e+09   4.68328550e+09
A644           13.019464      13.535705      13.277584   1.23163828e+11   1.04312627e+11   1.45631855e+11   4.72344832e+09   4.34874726e+09   5.18622618e+09
A644           13.535705      14.072414      13.804060   1.36879784e+11   1.16143219e+11   1.61490747e+11   5.26079283e+09   4.86027162e+09   5.74580838e+09
A644           14.072414      14.630406      14.351411   1.52094212e+11   1.29298989e+11   1.79015811e+11   5.85698202e+09   5.42918093e+09   6.36626688e+09
A644           14.630406      15.210524      14.920465   1.68930279e+11   1.43907783e+11   1.98336053e+11   6.52320256e+09   6.06494566e+09   7.05219379e+09
A644           15.210524      15.813643      15.512084   1.87542241e+11   1.60146145e+11   2.19775746e+11   7.25957427e+09   6.77700557e+09   7.81391462e+09
A644           15.813643      16.440678      16.127161   2.08172876e+11   1.78161402e+11   2.43466895e+11   8.07831194e+09   7.56835840e+09   8.66755379e+09
A644           16.440678      17.092575      16.766626   2.31036387e+11   1.98168822e+11   2.69649150e+11   8.98986086e+09   8.45456691e+09   9.61236480e+09
A644           17.092575      17.770321      17.431448   2.56379634e+11   2.20342174e+11   2.98499604e+11   1.00087050e+10   9.44107418e+09   1.06637404e+10
A644           17.770321      18.474941      18.122631   2.84384133e+11   2.44890272e+11   3.30317955e+11   1.11392686e+10   1.05434552e+10   1.18272799e+10
A644           18.474941      19.207499      18.841219   3.15385512e+11   2.72154427e+11   3.65570490e+11   1.23958999e+10   1.17692559e+10   1.31106765e+10
A644           19.207499      19.969105      19.588303   3.49661725e+11   3.02380057e+11   4.04317897e+11   1.37970565e+10   1.31295396e+10   1.45430702e+10
A644           19.969105      20.760910      20.365007   3.87335356e+11   3.35821963e+11   4.47125488e+11   1.53582449e+10   1.46552054e+10   1.61440666e+10
A644           20.760910      21.584110      21.172510   4.29242253e+11   3.72890370e+11   4.94243250e+11   1.70879488e+10   1.63547208e+10   1.79023667e+10
A644           21.584110      22.439951      22.012032   4.75453391e+11   4.13969482e+11   5.45951744e+11   1.90167122e+10   1.82469939e+10   1.98608794e+10
A644           22.439951      23.329729      22.884840   5.26413857e+11   4.59425153e+11   6.02961084e+11   2.11725394e+10   2.03708764e+10   2.20589240e+10
A644           23.329729      24.254787      23.792257   5.82837797e+11   5.09679567e+11   6.65841172e+11   2.35729449e+10   2.27225866e+10   2.45022802e+10
A644           24.254787      25.216524      24.735657   6.44961337e+11   5.65395849e+11   7.35149228e+11   2.62431027e+10   2.53583852e+10   2.72188928e+10
A644           25.216524      26.216398      25.716461   7.13543254e+11   6.27041632e+11   8.11063050e+11   2.92120801e+10   2.82831790e+10   3.02258217e+10
A644           26.216398      27.255917      26.736156   7.89077426e+11   6.95156670e+11   8.94603887e+11   3.25212897e+10   3.15437281e+10   3.35769211e+10
A644           27.255917      28.336653      27.796286   8.72249491e+11   7.70330984e+11   9.86584383e+11   3.61898762e+10   3.51663186e+10   3.73026652e+10
A644           28.336653      29.460243      28.898449   9.63931013e+11   8.53198897e+11   1.08747175e+12   4.02852987e+10   3.91821517e+10   4.14522900e+10
A644           29.460243      30.628386      30.044315   1.06480409e+12   9.44833626e+11   1.19741389e+12   4.48391660e+10   4.36821934e+10   4.60704440e+10
A644           30.628386      31.842846      31.235617   1.17571138e+12   1.04585213e+12   1.31867122e+12   4.99107062e+10   4.86754755e+10   5.11909683e+10
A644           31.842846      33.105461      32.474155   1.29845323e+12   1.15736681e+12   1.45158688e+12   5.55470725e+10   5.42413496e+10   5.69069814e+10
A644           33.105461      34.418144      33.761803   1.43250948e+12   1.28045115e+12   1.59750816e+12   6.18253722e+10   6.04223898e+10   6.32330404e+10
A644           34.418144      35.782871      35.100506   1.58021150e+12   1.41614108e+12   1.75807568e+12   6.87929344e+10   6.72984596e+10   7.02631690e+10
A644           35.782871      37.201717      36.492294   1.74234403e+12   1.56520232e+12   1.93378451e+12   7.65230612e+10   7.49015941e+10   7.81081969e+10
A644           37.201717      38.676819      37.939266   1.92045331e+12   1.72915792e+12   2.12590998e+12   8.51096044e+10   8.33779794e+10   8.67835494e+10
A644           38.676819      40.210411      39.443615   2.11560720e+12   1.91063917e+12   2.33594212e+12   9.46308710e+10   9.27932826e+10   9.64141875e+10
A644           40.210411      41.804813      41.007614   2.33066044e+12   2.10995328e+12   2.56679294e+12   1.05203638e+11   1.03247905e+11   1.07094917e+11
A644           41.804813      43.462437      42.633625   2.56597348e+12   2.32819943e+12   2.81932779e+12   1.16904829e+11   1.14817876e+11   1.18947504e+11
A644           43.462437      45.185787      44.324112   2.82443881e+12   2.56920335e+12   3.09372859e+12   1.29885520e+11   1.27657411e+11   1.32033298e+11
A644           45.185787      46.977470      46.081627   3.10659226e+12   2.83332523e+12   3.39323676e+12   1.44250192e+11   1.41874201e+11   1.46575933e+11
A644           46.977470      48.840195      47.908833   3.41569411e+12   3.12330709e+12   3.72063050e+12   1.60146686e+11   1.57603004e+11   1.62625274e+11
A644           48.840195      50.776783      49.808487   3.75393773e+12   3.44058757e+12   4.07797183e+12   1.77698243e+11   1.74991557e+11   1.80377895e+11
A644           50.776783      52.790157      51.783470   4.12190166e+12   3.78938170e+12   4.46812704e+12   1.97089640e+11   1.94206581e+11   1.99969407e+11
A644           52.790157      54.883362      53.836758   4.52457293e+12   4.17084552e+12   4.89391181e+12   2.18504626e+11   2.15423812e+11   2.21570761e+11
A644           54.883362      57.059570      55.971466   4.96606852e+12   4.58683738e+12   5.35610314e+12   2.42106565e+11   2.38801666e+11   2.45366850e+11
A644           57.059570      59.322067      58.190819   5.44672527e+12   5.04282638e+12   5.86017355e+12   2.68081234e+11   2.64602288e+11   2.71576220e+11
A644           59.322067      61.674274      60.498169   5.97049475e+12   5.54254467e+12   6.40937938e+12   2.96695988e+11   2.92991959e+11   3.00389401e+11
A644           61.674274      64.119751      62.897011   6.54258628e+12   6.08820213e+12   7.00734977e+12   3.28162968e+11   3.24261085e+11   3.32059214e+11
A644           64.119751      66.662193      65.390968   7.16515679e+12   6.68338120e+12   7.65351690e+12   3.62676257e+11   3.58541885e+11   3.66819410e+11
A644           66.662193      69.305443      67.983818   7.84361325e+12   7.33323723e+12   8.35690011e+12   4.00583754e+11   3.96214731e+11   4.04896088e+11
A644           69.305443      72.053513      70.679474   8.57929469e+12   8.04138254e+12   9.11924947e+12   4.42101989e+11   4.37483012e+11   4.46593499e+11
A644           72.053513      74.910538      73.482025   9.37923864e+12   8.81305688e+12   9.94948153e+12   4.87526007e+11   4.82600714e+11   4.92285329e+11
A644           74.910538      77.880852      76.395691   1.02503358e+13   9.65435038e+12   1.08457613e+13   5.37191416e+11   5.31976684e+11   5.42202266e+11
A644           77.880852      80.968941      79.424896   1.11932342e+13   1.05707167e+13   1.18112188e+13   5.91369798e+11   5.85871393e+11   5.96695319e+11
A644           80.968941      84.179482      82.574211   1.22138143e+13   1.15622543e+13   1.28591573e+13   6.50480058e+11   6.44674355e+11   6.56029188e+11
A644           84.179482      87.517319      85.848396   1.33226897e+13   1.26408584e+13   1.39923355e+13   7.14829005e+11   7.08690969e+11   7.20646308e+11
A644           87.517319      90.987511      89.252411   1.45208723e+13   1.38082790e+13   1.52186126e+13   7.84822698e+11   7.78370482e+11   7.90947234e+11
A644           90.987511      94.595299      92.791405   1.58226679e+13   1.50787829e+13   1.65441700e+13   8.60899246e+11   8.54173286e+11   8.67502457e+11
A644           94.595299      98.346138      96.470718   1.72296944e+13   1.64554017e+13   1.79697887e+13   9.43453045e+11   9.36341275e+11   9.50505505e+11
A644           98.346138     102.245712     100.295929   1.87476224e+13   1.79439644e+13   1.95055143e+13   1.03293806e+12   1.02540798e+12   1.04052012e+12
A644          102.245712     106.299904     104.272804   2.03867355e+13   1.95617347e+13   2.11620819e+13   1.12984208e+12   1.12207095e+12   1.13804404e+12
A644          106.299904     110.514854     108.407379   2.21481649e+13   2.13046232e+13   2.29469994e+13   1.23472603e+12   1.22649497e+12   1.24345962e+12
A644          110.514854     114.896927     112.705894   2.40453723e+13   2.31804376e+13   2.48684353e+13   1.34817671e+12   1.33932974e+12   1.35742725e+12
A644          114.896927     119.452759     117.174843   2.60821536e+13   2.52089268e+13   2.69328948e+13   1.47070072e+12   1.46130810e+12   1.48046886e+12
A644          119.452759     124.189240     121.820999   2.82764729e+13   2.73899481e+13   2.91388365e+13   1.60298303e+12   1.59302563e+12   1.61323837e+12
A644          124.189240     129.113525     126.651382   3.06286827e+13   2.97391442e+13   3.15085952e+13   1.74567666e+12   1.73509942e+12   1.75643519e+12
A644          129.113525     134.233063     131.673294   3.31674508e+13   3.22620390e+13   3.40379807e+13   1.89959491e+12   1.88848446e+12   1.91074560e+12
A644          134.233063     139.555603     136.894333   3.58827321e+13   3.49729876e+13   3.67588803e+13   2.06537989e+12   2.05362705e+12   2.07738385e+12
A644          139.555603     145.089188     142.322403   3.87864907e+13   3.78716836e+13   3.96636497e+13   2.24398200e+12   2.23117915e+12   2.25650776e+12
A644          145.089188     150.842194     147.965698   4.18897262e+13   4.09918054e+13   4.27845726e+13   2.43627668e+12   2.42259093e+12   2.44951600e+12
A644          150.842194     156.823303     153.832748   4.52139806e+13   4.43196878e+13   4.61207891e+13   2.64316230e+12   2.62871161e+12   2.65691831e+12
A644          156.823303     163.041580     159.932449   4.87637543e+13   4.78594036e+13   4.96685747e+13   2.86579438e+12   2.85048098e+12   2.88023092e+12
A644          163.041580     169.506424     166.274002   5.25474988e+13   5.16437563e+13   5.34612866e+13   3.10512530e+12   3.08869438e+12   3.12003789e+12
A644          169.506424     176.227600     172.867020   5.65731624e+13   5.56649236e+13   5.75096205e+13   3.36222827e+12   3.34496373e+12   3.37802035e+12
A644          176.227600     183.215286     179.721451   6.08560292e+13   5.99328964e+13   6.18257690e+13   3.63822711e+12   3.62018007e+12   3.65501769e+12
A644          183.215286     190.480042     186.847672   6.54069832e+13   6.44571579e+13   6.63949557e+13   3.93486035e+12   3.91558437e+12   3.95253121e+12
A644          190.480042     198.032852     194.256454   7.02508129e+13   6.92584196e+13   7.12592704e+13   4.25283079e+12   4.23242131e+12   4.27146897e+12
A644          198.032852     205.885147     201.959000   7.53783622e+13   7.43289473e+13   7.64358217e+13   4.59341876e+12   4.57191509e+12   4.61311889e+12
A644          205.885147     214.048798     209.966980   8.08189616e+13   7.97027735e+13   8.19178693e+13   4.95783615e+12   4.93507628e+12   4.97892825e+12
A644          214.048798     222.536148     218.292480   8.65652840e+13   8.53563513e+13   8.77335234e+13   5.34717714e+12   5.32331050e+12   5.36944312e+12
A644          222.536148     231.360046     226.948105   9.26282427e+13   9.13301475e+13   9.39116074e+13   5.76335328e+12   5.73813293e+12   5.78690639e+12
A644          231.360046     240.533813     235.946930   9.90144732e+13   9.75916059e+13   1.00443003e+14   6.20638660e+12   6.18029017e+12   6.23141297e+12
A644          240.533813     250.071335     245.302567   1.05740912e+14   1.04190513e+14   1.07339756e+14   6.67778915e+12   6.65065986e+12   6.70456978e+12
A644          250.071335     259.987030     255.029175   1.12825150e+14   1.11102835e+14   1.14597655e+14   7.17883546e+12   7.15038130e+12   7.20745372e+12
A644          259.987030     270.295898     265.141449   1.20283789e+14   1.18360885e+14   1.22214293e+14   7.71021341e+12   7.68034315e+12   7.74008209e+12
A644          270.295898     281.013519     275.654724   1.28070757e+14   1.25968077e+14   1.30202001e+14   8.27254584e+12   8.24132869e+12   8.30407809e+12
A644          281.013519     292.156128     286.584839   1.36225323e+14   1.33944108e+14   1.38574746e+14   8.86639480e+12   8.83268937e+12   8.89954763e+12
A644          292.156128     303.740540     297.948334   1.44764993e+14   1.42293961e+14   1.47335548e+14   9.49277111e+12   9.45624082e+12   9.52704487e+12
A644          303.740540     315.784302     309.762421   1.53674685e+14   1.50988317e+14   1.56466061e+14   1.01513135e+13   1.01122216e+13   1.01876383e+13
A644          315.784302     328.305634     322.044952   1.62951328e+14   1.60074790e+14   1.66016139e+14   1.08426198e+13   1.08007334e+13   1.08819183e+13
A644          328.305634     341.323425     334.814514   1.72613108e+14   1.69502965e+14   1.75911475e+14   1.15676807e+13   1.15218401e+13   1.16099834e+13
A644          341.323425     354.857391     348.090424   1.82643551e+14   1.79283713e+14   1.86163898e+14   1.23270249e+13   1.22777648e+13   1.23718064e+13
A644          354.857391     368.928009     361.892700   1.93049653e+14   1.89465486e+14   1.96804679e+14   1.31208032e+13   1.30683513e+13   1.31689423e+13
A644          368.928009     383.556549     376.242279   2.03819099e+14   2.00020771e+14   2.07826304e+14   1.39501481e+13   1.38947833e+13   1.40010429e+13
A644          383.556549     398.765137     391.160858   2.14926958e+14   2.10928025e+14   2.19177583e+14   1.48161534e+13   1.47570997e+13   1.48701215e+13
A644          398.765137     414.576782     406.670959   2.26391467e+14   2.22216491e+14   2.30895194e+14   1.57202828e+13   1.56571879e+13   1.57789654e+13
A644          414.576782     431.015350     422.796051   2.38223884e+14   2.33758477e+14   2.42971719e+14   1.66628164e+13   1.65974251e+13   1.67272126e+13
A644          431.015350     448.105743     439.560547   2.50374129e+14   2.45686793e+14   2.55351090e+14   1.76478759e+13   1.75809747e+13   1.77158236e+13
A644          448.105743     465.873810     456.989777   2.62822135e+14   2.57915202e+14   2.67932509e+14   1.86786114e+13   1.86084261e+13   1.87509569e+13
A644          465.873810     484.346375     475.110077   2.75567887e+14   2.70453436e+14   2.80856116e+14   1.97572648e+13   1.96832207e+13   1.98332174e+13
A644          484.346375     503.551422     493.948914   2.88575195e+14   2.83239269e+14   2.94079397e+14   2.08869440e+13   2.08104755e+13   2.09669105e+13
A644          503.551422     523.518005     513.534729   3.01841208e+14   2.96350026e+14   3.07496170e+14   2.20724787e+13   2.19933762e+13   2.21565367e+13
A644          523.518005     544.276245     533.897095   3.15288281e+14   3.09697039e+14   3.21125846e+14   2.33190657e+13   2.32335061e+13   2.34080373e+13
A644          544.276245     565.857605     555.066895   3.28966578e+14   3.23243701e+14   3.34950910e+14   2.46301485e+13   2.45406483e+13   2.47255857e+13
A644          565.857605     588.294678     577.076172   3.42818216e+14   3.36974276e+14   3.48873382e+14   2.60131133e+13   2.59160046e+13   2.61125665e+13
A644          588.294678     611.621460     599.958069   3.56783906e+14   3.50841718e+14   3.63005770e+14   2.74687842e+13   2.73630961e+13   2.75750909e+13
A644          611.621460     635.873108     623.747314   3.70863178e+14   3.64796201e+14   3.77232783e+14   2.90041364e+13   2.88894789e+13   2.91150150e+13
A644          635.873108     661.086426     648.479797   3.85046100e+14   3.78722532e+14   3.91547070e+14   3.06230350e+13   3.04984600e+13   3.07383029e+13
A644          661.086426     687.299500     674.192993   3.99225364e+14   3.92848948e+14   4.05951920e+14   3.23283552e+13   3.21941668e+13   3.24504450e+13
A644          687.299500     714.551941     700.925720   4.13492239e+14   4.06868896e+14   4.20409887e+14   3.41219129e+13   3.39820518e+13   3.42530898e+13
A644          714.551941     742.884949     728.718445   4.27693850e+14   4.20614200e+14   4.34881981e+14   3.60094210e+13   3.58580780e+13   3.61514486e+13
A644          742.884949     772.341431     757.613220   4.41923613e+14   4.34208242e+14   4.49412225e+14   3.79924922e+13   3.78282684e+13   3.81440827e+13
A644          772.341431     802.965942     787.653687   4.55931582e+14   4.47678333e+14   4.64057627e+14   4.00708830e+13   3.98936443e+13   4.02341631e+13
A644          802.965942     834.804688     818.885315   4.69887139e+14   4.60884686e+14   4.78752019e+14   4.22463050e+13   4.20546378e+13   4.24248229e+13
A644          834.804688     867.905945     851.355347   4.83638953e+14   4.73709257e+14   4.93241225e+14   4.45202007e+13   4.43129056e+13   4.47154833e+13
A644          867.905945     902.319702     885.112854   4.97205111e+14   4.86430447e+14   5.07785058e+14   4.68892401e+13   4.66647064e+13   4.71031202e+13
A644          902.319702     938.098022     920.208862   5.10627622e+14   4.98596646e+14   5.22164877e+14   4.93583262e+13   4.91110384e+13   4.95861021e+13
A644          938.098022     975.294983     956.696472   5.23690228e+14   5.10275468e+14   5.36415411e+14   5.19172333e+13   5.16486678e+13   5.21636319e+13
A644          975.294983    1013.966858     994.630920   5.36474567e+14   5.21488118e+14   5.50669468e+14   5.45666451e+13   5.42773304e+13   5.48367667e+13
A644         1013.966858    1054.172119    1034.069458   5.48939401e+14   5.32149904e+14   5.64625393e+14   5.73002534e+13   5.69947906e+13   5.75964929e+13
A644         1054.172119    1095.971680    1075.071899   5.61176803e+14   5.42554026e+14   5.78403984e+14   6.01256666e+13   5.97979908e+13   6.04384862e+13
A644         1095.971680    1139.428467    1117.700073   5.72867100e+14   5.52494661e+14   5.91616646e+14   6.30289848e+13   6.26831938e+13   6.33679013e+13
A644         1139.428467    1184.608521    1162.018555   5.84191587e+14   5.61733102e+14   6.04714886e+14   6.60078802e+13   6.56476440e+13   6.63731663e+13
A644         1184.608521    1231.580078    1208.094238   5.94915986e+14   5.70642978e+14   6.17492012e+14   6.90595970e+13   6.86753359e+13   6.94517561e+13
A644         1231.580078    1280.413940    1255.996948   6.05334100e+14   5.78840594e+14   6.30004661e+14   7.21841816e+13   7.17674858e+13   7.26009360e+13
A644         1280.413940    1331.184326    1305.799194   6.15433581e+14   5.86650522e+14   6.41874474e+14   7.53746796e+13   7.49332458e+13   7.58251897e+13
A644         1331.184326    1383.967651    1357.576050   6.24926801e+14   5.94090345e+14   6.53435788e+14   7.86235539e+13   7.81468377e+13   7.91130963e+13
A644         1383.967651    1438.844116    1411.405884   6.33878654e+14   6.00974238e+14   6.64725042e+14   8.19329772e+13   8.14127828e+13   8.24663752e+13
A644         1438.844116    1495.896362    1467.370239   6.42248069e+14   6.07464874e+14   6.75696066e+14   8.52966999e+13   8.47304521e+13   8.58837599e+13
A644         1495.896362    1555.210815    1525.553589   6.50101014e+14   6.13273079e+14   6.85785884e+14   8.87216176e+13   8.80975555e+13   8.93826231e+13
A644         1555.210815    1616.877197    1586.044067   6.57605999e+14   6.18534145e+14   6.95931268e+14   9.21996435e+13   9.15025921e+13   9.29302577e+13
A644         1616.877197    1680.988770    1648.932983   6.64452647e+14   6.23388398e+14   7.05614473e+14   9.57263905e+13   9.49481374e+13   9.65582971e+13
A644         1680.988770    1747.642456    1714.315674   6.70914560e+14   6.27652696e+14   7.14417545e+14   9.93174697e+13   9.84523861e+13   1.00236727e+14
A644         1747.642456    1816.939087    1782.290771   6.76967309e+14   6.31803178e+14   7.22606303e+14   1.02962488e+14   1.01983319e+14   1.03983599e+14
A644         1816.939087    1888.983398    1852.961304   6.82595528e+14   6.35371021e+14   7.30492131e+14   1.06653165e+14   1.05571328e+14   1.07828711e+14
A644         1888.983398    1963.884399    1926.433960   6.87768280e+14   6.38407496e+14   7.37539300e+14   1.10428105e+14   1.09222243e+14   1.11732157e+14
A644         1963.884399    2041.755371    2002.819824   6.92391678e+14   6.41420080e+14   7.44723371e+14   1.14270256e+14   1.12919103e+14   1.15717123e+14
A644         2041.755371    2122.713867    2082.234619   6.96620140e+14   6.44011354e+14   7.51197900e+14   1.18200906e+14   1.16659591e+14   1.19784197e+14
A644         2122.713867    2206.882568    2164.798340   7.00593924e+14   6.46437407e+14   7.56960203e+14   1.22197398e+14   1.20466451e+14   1.23914185e+14
A644         2206.882568    2294.388916    2250.635742   7.04069627e+14   6.48312630e+14   7.62578624e+14   1.26287356e+14   1.24318600e+14   1.28164475e+14
A644         2294.388916    2385.364746    2339.876709   7.06979199e+14   6.49938275e+14   7.67380465e+14   1.30469505e+14   1.28236441e+14   1.32549930e+14
A1644           0.000000       1.040815       0.520407   8.09593920e+08   5.16526496e+08   1.20437645e+09   4.08667800e+06   3.56735175e+06   4.72031950e+06
A1644           1.040815       1.083295       1.062055   8.89447040e+08   5.70004608e+08   1.31872973e+09   4.60388950e+06   4.01998975e+06   5.31549800e+06
A1644           1.083295       1.127509       1.105402   9.76620992e+08   6.28876736e+08   1.44336563e+09   5.18714600e+06   4.52978850e+06   5.98663100e+06
A1644           1.127509       1.173528       1.150519   1.07242688e+09   6.92990272e+08   1.57987379e+09   5.84384800e+06   5.10428700e+06   6.74289600e+06
A1644           1.173528       1.221425       1.197476   1.17759910e+09   7.63648000e+08   1.72896563e+09   6.58318650e+06   5.75210200e+06   7.59495800e+06
A1644           1.221425       1.271277       1.246351   1.29245069e+09   8.41814208e+08   1.89041216e+09   7.41638600e+06   6.48205600e+06   8.55390300e+06
A1644           1.271277       1.323163       1.297220   1.41889114e+09   9.27526592e+08   2.06684083e+09   8.35419750e+06   7.30452600e+06   9.63695600e+06
A1644           1.323163       1.377168       1.350165   1.55681062e+09   1.02209382e+09   2.25974144e+09   9.41278400e+06   8.23131250e+06   1.08551570e+07
A1644           1.377168       1.433376       1.405272   1.70756544e+09   1.12665600e+09   2.47020416e+09   1.06024970e+07   9.27531600e+06   1.22264870e+07
A1644           1.433376       1.491879       1.462627   1.87251226e+09   1.24184371e+09   2.69885363e+09   1.19434340e+07   1.04486970e+07   1.37703350e+07
A1644           1.491879       1.552769       1.522324   2.05371610e+09   1.36762406e+09   2.94843059e+09   1.34534150e+07   1.17724220e+07   1.55071500e+07
A1644           1.552769       1.616145       1.584457   2.25220813e+09   1.50619686e+09   3.22224256e+09   1.51554520e+07   1.32632190e+07   1.74633860e+07
A1644           1.616145       1.682107       1.649126   2.46873370e+09   1.65839808e+09   3.52171315e+09   1.70723340e+07   1.49413370e+07   1.96601120e+07
A1644           1.682107       1.750761       1.716434   2.70612480e+09   1.82600678e+09   3.84460851e+09   1.92251560e+07   1.68321580e+07   2.21345760e+07
A1644           1.750761       1.822218       1.786489   2.96641792e+09   2.01001677e+09   4.19866982e+09   2.16473580e+07   1.89602180e+07   2.49114240e+07
A1644           1.822218       1.896591       1.859404   3.25316403e+09   2.21107507e+09   4.58502861e+09   2.43760240e+07   2.13555000e+07   2.80387460e+07
A1644           1.896591       1.973999       1.935295   3.56622285e+09   2.43258291e+09   5.00476672e+09   2.74468280e+07   2.40576620e+07   3.15591960e+07
A1644           1.973999       2.054567       2.014283   3.90626022e+09   2.67531930e+09   5.46140467e+09   3.09082440e+07   2.70889980e+07   3.55155440e+07
A1644           2.054567       2.138423       2.096495   4.27978522e+09   2.93957683e+09   5.96104858e+09   3.48005760e+07   3.05077960e+07   3.99517760e+07
A1644           2.138423       2.225702       2.182063   4.68701952e+09   3.23401702e+09   6.50855578e+09   3.91757440e+07   3.43625720e+07   4.49353760e+07
A1644           2.225702       2.316543       2.271123   5.13103053e+09   3.55551206e+09   7.10057216e+09   4.40897040e+07   3.86932160e+07   5.05496480e+07
A1644           2.316543       2.411092       2.363817   5.61591962e+09   3.91053696e+09   7.74442138e+09   4.96202000e+07   4.35561280e+07   5.68604640e+07
A1644           2.411092       2.509499       2.460295   6.14685286e+09   4.29892608e+09   8.44802150e+09   5.58316920e+07   4.90308120e+07   6.39323280e+07
A1644           2.509499       2.611923       2.560711   6.72726477e+09   4.72493875e+09   9.20859546e+09   6.28009880e+07   5.51880720e+07   7.18882400e+07
A1644           2.611923       2.718528       2.665226   7.36098970e+09   5.18927104e+09   1.00422164e+10   7.06236240e+07   6.21168240e+07   8.07868320e+07
A1644           2.718528       2.829483       2.774006   8.05573530e+09   5.69841510e+09   1.09440922e+10   7.94094640e+07   6.99059840e+07   9.07490560e+07
A1644           2.829483       2.944968       2.887225   8.81185690e+09   6.25719962e+09   1.19317125e+10   8.92877360e+07   7.86497840e+07   1.01924232e+08
A1644           2.944968       3.065165       3.005066   9.63417600e+09   6.86695322e+09   1.29987809e+10   1.00343312e+08   8.84567600e+07   1.14493664e+08
A1644           3.065165       3.190268       3.127717   1.05342648e+10   7.53470003e+09   1.41641482e+10   1.12714760e+08   9.94855120e+07   1.28555240e+08
A1644           3.190268       3.320477       3.255373   1.15208940e+10   8.27244851e+09   1.54389975e+10   1.26689904e+08   1.11840328e+08   1.44331248e+08
A1644           3.320477       3.456001       3.388239   1.25966664e+10   9.08293939e+09   1.68178780e+10   1.42281264e+08   1.25680056e+08   1.61882720e+08
A1644           3.456001       3.597056       3.526529   1.37657324e+10   9.95928883e+09   1.83084175e+10   1.59760080e+08   1.41219088e+08   1.81614208e+08
A1644           3.597056       3.743869       3.670463   1.50434611e+10   1.09210849e+10   1.99272653e+10   1.79282896e+08   1.58670288e+08   2.03759872e+08
A1644           3.743869       3.896673       3.820271   1.64320727e+10   1.19761531e+10   2.16916255e+10   2.01149824e+08   1.78199728e+08   2.28311712e+08
A1644           3.896673       4.055714       3.976193   1.79433677e+10   1.31206257e+10   2.36063642e+10   2.25724992e+08   2.00153888e+08   2.55743984e+08
A1644           4.055714       4.221246       4.138480   1.95879567e+10   1.43816284e+10   2.56926433e+10   2.53146000e+08   2.24655584e+08   2.86253120e+08
A1644           4.221246       4.393534       4.307390   2.13907784e+10   1.57556777e+10   2.79549071e+10   2.83770496e+08   2.52091904e+08   3.20368032e+08
A1644           4.393534       4.572854       4.483194   2.33410253e+10   1.72622234e+10   3.04090706e+10   3.18020288e+08   2.82794880e+08   3.58321888e+08
A1644           4.572854       4.759493       4.666174   2.54715986e+10   1.88993126e+10   3.30715996e+10   3.56315456e+08   3.17171840e+08   4.00532768e+08
A1644           4.759493       4.953750       4.856621   2.77942682e+10   2.07002501e+10   3.59533158e+10   3.98992288e+08   3.55567264e+08   4.47608576e+08
A1644           4.953750       5.155935       5.054842   3.03296225e+10   2.26574090e+10   3.91091773e+10   4.46227456e+08   3.98617568e+08   4.99388480e+08
A1644           5.155935       5.366372       5.261153   3.30867077e+10   2.47900324e+10   4.24889426e+10   4.99021248e+08   4.46215616e+08   5.57688384e+08
A1644           5.366372       5.585398       5.475885   3.60765891e+10   2.71396454e+10   4.61471703e+10   5.57741504e+08   4.99628480e+08   6.21225408e+08
A1644           5.585398       5.813364       5.699381   3.93111798e+10   2.97038561e+10   5.01487452e+10   6.23084480e+08   5.59376832e+08   6.92463040e+08
A1644           5.813364       6.050633       5.931998   4.28423987e+10   3.24879811e+10   5.45158390e+10   6.96062464e+08   6.25902272e+08   7.71351296e+08
A1644           6.050633       6.297587       6.174110   4.66994053e+10   3.55291709e+10   5.92091505e+10   7.76938880e+08   6.99805504e+08   8.57914496e+08
A1644           6.297587       6.554620       6.426104   5.08886630e+10   3.88360765e+10   6.43033580e+10   8.66213888e+08   7.81545408e+08   9.53578688e+08
A1644           6.554620       6.822144       6.688382   5.54252616e+10   4.24610529e+10   6.97961103e+10   9.65349696e+08   8.72727872e+08   1.05900307e+09
A1644           6.822144       7.100586       6.961365   6.03529175e+10   4.64370401e+10   7.57342781e+10   1.07493069e+09   9.73600000e+08   1.17653286e+09
A1644           7.100586       7.390394       7.245490   6.57137992e+10   5.07413176e+10   8.22087352e+10   1.19592806e+09   1.08598976e+09   1.30610829e+09
A1644           7.390394       7.692029       7.541212   7.15388600e+10   5.54102415e+10   8.92187689e+10   1.32952781e+09   1.21098509e+09   1.44953536e+09
A1644           7.692029       8.005976       7.849003   7.78466427e+10   6.05269852e+10   9.67818609e+10   1.47695629e+09   1.34778662e+09   1.60585562e+09
A1644           8.005976       8.332736       8.169356   8.47023063e+10   6.61578588e+10   1.04964243e+11   1.63834931e+09   1.49988070e+09   1.77757734e+09
A1644           8.332736       8.672833       8.502785   9.21145590e+10   7.22746819e+10   1.13839874e+11   1.81719629e+09   1.66815514e+09   1.96667008e+09
A1644           8.672833       9.026811       8.849822   1.00195713e+11   7.89358838e+10   1.23493761e+11   2.01356378e+09   1.85268147e+09   2.17333786e+09
A1644           9.026811       9.395236       9.211023   1.08953182e+11   8.61070295e+10   1.33823980e+11   2.22863718e+09   2.05572979e+09   2.40023322e+09
A1644           9.395236       9.778698       9.586967   1.18410879e+11   9.39188470e+10   1.44981230e+11   2.46471885e+09   2.27868544e+09   2.65014579e+09
A1644           9.778698      10.177812       9.978254   1.28713744e+11   1.02431810e+11   1.57124198e+11   2.72387456e+09   2.52187264e+09   2.92232115e+09
A1644          10.177812      10.593214      10.385512   1.39863949e+11   1.11765365e+11   1.70283237e+11   3.00699290e+09   2.79038976e+09   3.21788954e+09
A1644          10.593214      11.025571      10.809393   1.51995154e+11   1.21890701e+11   1.84382259e+11   3.31793229e+09   3.08685235e+09   3.54260531e+09
A1644          11.025571      11.475574      11.250573   1.65057495e+11   1.32888093e+11   1.99563575e+11   3.65681126e+09   3.40752358e+09   3.89398298e+09
A1644          11.475574      11.943945      11.709760   1.79283837e+11   1.44877732e+11   2.15942857e+11   4.02455603e+09   3.75444506e+09   4.27779072e+09
A1644          11.943945      12.431432      12.187689   1.94664022e+11   1.57899014e+11   2.33731834e+11   4.42283469e+09   4.13767040e+09   4.69419315e+09
A1644          12.431432      12.938815      12.685123   2.11296862e+11   1.72070994e+11   2.52890907e+11   4.85923174e+09   4.55076864e+09   5.14502758e+09
A1644          12.938815      13.466907      13.202861   2.29278712e+11   1.87348943e+11   2.73565860e+11   5.33063117e+09   5.00135680e+09   5.63332659e+09
A1644          13.466907      14.016552      13.741730   2.48691753e+11   2.03947262e+11   2.95800242e+11   5.84466842e+09   5.48790733e+09   6.16482406e+09
A1644          14.016552      14.588632      14.302592   2.69705576e+11   2.21955244e+11   3.19867093e+11   6.39475558e+09   6.01781094e+09   6.74171392e+09
A1644          14.588632      15.184060      14.886346   2.92511089e+11   2.41696457e+11   3.45765937e+11   6.99164826e+09   6.59396454e+09   7.36499456e+09
A1644          15.184060      15.803790      15.493925   3.17172482e+11   2.62974194e+11   3.73879013e+11   7.63437824e+09   7.21218611e+09   8.03636480e+09
A1644          15.803790      16.448814      16.126303   3.43759487e+11   2.85993239e+11   4.04064633e+11   8.32923802e+09   7.87959450e+09   8.76035686e+09
A1644          16.448814      17.120165      16.784491   3.72543160e+11   3.11017439e+11   4.36591624e+11   9.07818496e+09   8.59773338e+09   9.53803981e+09
A1644          17.120165      17.818918      17.469542   4.03500597e+11   3.38320490e+11   4.71701520e+11   9.87185664e+09   9.36424653e+09   1.03643566e+10
A1644          17.818918      18.546188      18.182552   4.37378777e+11   3.67737602e+11   5.09462118e+11   1.07345551e+10   1.01939589e+10   1.12612352e+10
A1644          18.546188      19.303143      18.924665   4.73781174e+11   3.99347483e+11   5.49984010e+11   1.16562319e+10   1.10706524e+10   1.22238740e+10
A1644          19.303143      20.090992      19.697067   5.13051361e+11   4.33849795e+11   5.93642390e+11   1.26449070e+10   1.20099482e+10   1.32497766e+10
A1644          20.090992      20.910995      20.500994   5.55268637e+11   4.71103898e+11   6.40768868e+11   1.36983767e+10   1.30173051e+10   1.43554488e+10
A1644          20.910995      21.764469      21.337732   6.01075352e+11   5.11375147e+11   6.91342541e+11   1.48242012e+10   1.40918477e+10   1.55444224e+10
A1644          21.764469      22.652775      22.208622   6.50259661e+11   5.55096277e+11   7.46095968e+11   1.60237885e+10   1.52276664e+10   1.68071117e+10
A1644          22.652775      23.577339      23.115057   7.03462703e+11   6.02737541e+11   8.04608541e+11   1.73088133e+10   1.64371692e+10   1.81488476e+10
A1644          23.577339      24.539637      24.058487   7.60575164e+11   6.53797556e+11   8.67529261e+11   1.86881352e+10   1.77439068e+10   1.95800801e+10
A1644          24.539637      25.541210      25.040424   8.22427910e+11   7.09548638e+11   9.35155663e+11   2.01523958e+10   1.91374643e+10   2.11118326e+10
A1644          25.541210      26.583664      26.062437   8.88807817e+11   7.69095827e+11   1.00783214e+12   2.17060454e+10   2.06183240e+10   2.27366277e+10
A1644          26.583664      27.668663      27.126163   9.60153649e+11   8.33777566e+11   1.08641026e+12   2.33760031e+10   2.22113997e+10   2.44660224e+10
A1644          27.668663      28.797947      28.233305   1.03730125e+12   9.03476740e+11   1.17061216e+12   2.51606139e+10   2.39100785e+10   2.63253012e+10
A1644          28.797947      29.973322      29.385635   1.12002020e+12   9.78646794e+11   1.26139328e+12   2.70709617e+10   2.57366098e+10   2.83037921e+10
A1644          29.973322      31.196671      30.584997   1.20896487e+12   1.06010411e+12   1.35793528e+12   2.91057234e+10   2.76860068e+10   3.04327926e+10
A1644          31.196671      32.469948      31.833309   1.30499687e+12   1.14771794e+12   1.46164246e+12   3.12969564e+10   2.98016727e+10   3.27001825e+10
A1644          32.469948      33.795193      33.132572   1.40841334e+12   1.24216122e+12   1.57402294e+12   3.36564142e+10   3.20558469e+10   3.51352832e+10
A1644          33.795193      35.174530      34.484863   1.52003700e+12   1.34446645e+12   1.69260771e+12   3.61758065e+10   3.45069281e+10   3.77454510e+10
A1644          35.174530      36.610161      35.892345   1.64001415e+12   1.45426534e+12   1.82050515e+12   3.89098537e+10   3.71773194e+10   4.05697495e+10
A1644          36.610161      38.104389      37.357277   1.76874206e+12   1.57164451e+12   1.95771171e+12   4.18815918e+10   4.00605757e+10   4.36340818e+10
A1644          38.104389      39.659603      38.881996   1.90653556e+12   1.69900809e+12   2.10517072e+12   4.50893742e+10   4.32030761e+10   4.69324923e+10
A1644          39.659603      41.278290      40.468945   2.05403993e+12   1.83658231e+12   2.26268335e+12   4.85922120e+10   4.66510643e+10   5.05093612e+10
A1644          41.278290      42.963043      42.120667   2.21201616e+12   1.98472421e+12   2.43191592e+12   5.23882578e+10   5.03571988e+10   5.43998853e+10
A1644          42.963043      44.716560      43.839802   2.38277886e+12   2.14299312e+12   2.61314105e+12   5.65395702e+10   5.44352133e+10   5.86739057e+10
A1644          44.716560      46.541649      45.629105   2.56510001e+12   2.31471081e+12   2.80737245e+12   6.11071099e+10   5.88945449e+10   6.32892129e+10
A1644          46.541649      48.441223      47.491436   2.76109617e+12   2.49887719e+12   3.01464211e+12   6.60751155e+10   6.38091878e+10   6.84073329e+10
A1644          48.441223      50.418331      49.429775   2.97036389e+12   2.69613951e+12   3.23704010e+12   7.15403264e+10   6.91777208e+10   7.39835576e+10
A1644          50.418331      52.476131      51.447231   3.19555869e+12   2.90930976e+12   3.47420780e+12   7.75332905e+10   7.50810972e+10   8.01233142e+10
A1644          52.476131      54.617920      53.547028   3.43560919e+12   3.13775908e+12   3.72761821e+12   8.41497641e+10   8.15303721e+10   8.68531978e+10
A1644          54.617920      56.847126      55.732525   3.69494301e+12   3.38376393e+12   3.99910502e+12   9.14196890e+10   8.86840033e+10   9.42468956e+10
A1644          56.847126      59.167316      58.007221   3.97117935e+12   3.64879125e+12   4.28977160e+12   9.94543452e+10   9.65409505e+10   1.02420349e+11
A1644          59.167316      61.582203      60.374760   4.26821603e+12   3.93295534e+12   4.59900138e+12   1.08292440e+11   1.05249128e+11   1.11344386e+11
A1644          61.582203      64.095650      62.838928   4.58543543e+12   4.23464639e+12   4.92796851e+12   1.18023389e+11   1.14830090e+11   1.21235186e+11
A1644          64.095650      66.711685      65.403671   4.92460206e+12   4.55925249e+12   5.28198507e+12   1.28755393e+11   1.25399736e+11   1.32160823e+11
A1644          66.711685      69.434494      68.073090   5.28760806e+12   4.90721038e+12   5.66040199e+12   1.40566184e+11   1.37056305e+11   1.44213983e+11
A1644          69.434494      72.268433      70.851463   5.67456773e+12   5.28158451e+12   6.06403455e+12   1.53626001e+11   1.49928428e+11   1.57467705e+11
A1644          72.268433      75.218033      73.743233   6.09081518e+12   5.68222129e+12   6.49558701e+12   1.68041382e+11   1.64117332e+11   1.72096782e+11
A1644          75.218033      78.288025      76.753029   6.53451906e+12   6.11139610e+12   6.95362440e+12   1.83949476e+11   1.79789529e+11   1.88237611e+11
A1644          78.288025      81.483315      79.885666   7.00763079e+12   6.56997509e+12   7.44423581e+12   2.01522282e+11   1.97076713e+11   2.06058373e+11
A1644          81.483315      84.809013      83.146164   7.51354092e+12   7.06014190e+12   7.96578179e+12   2.20890644e+11   2.16140218e+11   2.25608614e+11
A1644          84.809013      88.270454      86.539734   8.05193908e+12   7.58426947e+12   8.52199788e+12   2.42253349e+11   2.37198787e+11   2.47229153e+11
A1644          88.270454      91.873177      90.071815   8.62935004e+12   8.14593291e+12   9.11138724e+12   2.65782215e+11   2.60503421e+11   2.71020835e+11
A1644          91.873177      95.622940      93.748055   9.24272453e+12   8.74700813e+12   9.74138848e+12   2.91739075e+11   2.86153605e+11   2.97326084e+11
A1644          95.622940      99.525742      97.574341   9.90007368e+12   9.38621796e+12   1.04152328e+13   3.20269058e+11   3.14445595e+11   3.26173262e+11
A1644          99.525742     103.587845     101.556793   1.06008968e+13   1.00667417e+13   1.11275965e+13   3.51668371e+11   3.45615729e+11   3.57900616e+11
A1644         103.587845     107.815735     105.701790   1.13448048e+13   1.07979410e+13   1.18860221e+13   3.86239594e+11   3.79893121e+11   3.92836874e+11
A1644         107.815735     112.216179     110.015961   1.21387845e+13   1.15768505e+13   1.26938513e+13   4.24300380e+11   4.17633174e+11   4.31143485e+11
A1644         112.216179     116.796234     114.506210   1.29862363e+13   1.24097764e+13   1.35551905e+13   4.66089869e+11   4.59055890e+11   4.73282281e+11
A1644         116.796234     121.563217     119.179726   1.38870060e+13   1.32942030e+13   1.44680335e+13   5.11944491e+11   5.04590500e+11   5.19485260e+11
A1644         121.563217     126.524765     124.043991   1.48453720e+13   1.42361798e+13   1.54345637e+13   5.62285838e+11   5.54519953e+11   5.70176831e+11
A1644         126.524765     131.688812     129.106796   1.58637784e+13   1.52397467e+13   1.64703010e+13   6.17491661e+11   6.09371030e+11   6.25699586e+11
A1644         131.688812     137.063629     134.376221   1.69401857e+13   1.63071719e+13   1.75642572e+13   6.77878301e+11   6.69227811e+11   6.86442676e+11
A1644         137.063629     142.657822     139.860733   1.80908825e+13   1.74382844e+13   1.87279679e+13   7.44078246e+11   7.34764073e+11   7.52931242e+11
A1644         142.657822     148.480347     145.569077   1.93135074e+13   1.86479448e+13   1.99624019e+13   8.16213918e+11   8.06415892e+11   8.25603719e+11
A1644         148.480347     154.540497     151.510422   2.06106148e+13   1.99283316e+13   2.12729751e+13   8.95058772e+11   8.84671709e+11   9.04986624e+11
A1644         154.540497     160.847992     157.694244   2.19900983e+13   2.13000556e+13   2.26638021e+13   9.80908573e+11   9.69948070e+11   9.91535563e+11
A1644         160.847992     167.412933     164.130463   2.34524697e+13   2.27434289e+13   2.41431206e+13   1.07441560e+12   1.06288697e+12   1.08568569e+12
A1644         167.412933     174.245819     170.829376   2.50062307e+13   2.42826441e+13   2.57067508e+13   1.17618914e+12   1.16393378e+12   1.18822889e+12
A1644         174.245819     181.357574     177.801697   2.66506852e+13   2.59102438e+13   2.73762725e+13   1.28692021e+12   1.27387619e+12   1.29978466e+12
A1644         181.357574     188.759613     185.058594   2.83934185e+13   2.76487429e+13   2.91271994e+13   1.40691086e+12   1.39324922e+12   1.42054497e+12
A1644         188.759613     196.463745     192.611679   3.02433771e+13   2.94757880e+13   3.09842569e+13   1.53711949e+12   1.52261362e+12   1.55149323e+12
A1644         196.463745     204.482315     200.473038   3.22026602e+13   3.14196152e+13   3.29607576e+13   1.67786866e+12   1.66287468e+12   1.69327985e+12
A1644         204.482315     212.828171     208.655243   3.42775342e+13   3.34765752e+13   3.50563535e+13   1.83046819e+12   1.81421710e+12   1.84669110e+12
A1644         212.828171     221.514664     217.171417   3.64729252e+13   3.56567891e+13   3.72729048e+13   1.99523985e+12   1.97808056e+12   2.01252340e+12
A1644         221.514664     230.555679     226.035172   3.87940866e+13   3.79629056e+13   3.96048833e+13   2.17304216e+12   2.15459693e+12   2.19116562e+12
A1644         230.555679     239.965698     235.260681   4.12561388e+13   4.04039443e+13   4.20795562e+13   2.36473234e+12   2.34525557e+12   2.38384526e+12
A1644         239.965698     249.759796     244.862747   4.38462600e+13   4.29783956e+13   4.46980644e+13   2.57137128e+12   2.55078852e+12   2.59172807e+12
A1644         249.759796     259.953613     254.856705   4.65900730e+13   4.56941780e+13   4.74713759e+13   2.79386469e+12   2.77196807e+12   2.81580693e+12
A1644         259.953613     270.563507     265.258575   4.94822805e+13   4.85495260e+13   5.04021584e+13   3.03377626e+12   3.01036811e+12   3.05672094e+12
A1644         270.563507     281.606445     276.084961   5.25388921e+13   5.15894485e+13   5.34918841e+13   3.29165570e+12   3.26721497e+12   3.31606681e+12
A1644         281.606445     293.100067     287.353241   5.57610781e+13   5.47856046e+13   5.67595992e+13   3.56939438e+12   3.54354489e+12   3.59534507e+12
A1644         293.100067     305.062805     299.081451   5.91610312e+13   5.81554342e+13   6.02100350e+13   3.86882077e+12   3.84117768e+12   3.89605569e+12
A1644         305.062805     317.513824     311.288330   6.27462761e+13   6.17147584e+13   6.38620155e+13   4.19150063e+12   4.16174178e+12   4.22002662e+12
A1644         317.513824     330.472992     323.993408   6.65508244e+13   6.54512625e+13   6.76994849e+13   4.53837796e+12   4.50705385e+12   4.56908132e+12
A1644         330.472992     343.961090     337.217041   7.05343772e+13   6.93920753e+13   7.17513629e+13   4.91229440e+12   4.87937960e+12   4.94504090e+12
A1644         343.961090     357.999725     350.980408   7.47303506e+13   7.35332543e+13   7.60060146e+13   5.31533398e+12   5.28055848e+12   5.35044240e+12
A1644         357.999725     372.611328     365.305511   7.91524053e+13   7.78995583e+13   8.04935927e+13   5.75076722e+12   5.71353334e+12   5.78773320e+12
A1644         372.611328     387.819275     380.215302   8.37941409e+13   8.24823723e+13   8.52173018e+13   6.22094503e+12   6.18157939e+12   6.25949226e+12
A1644         387.819275     403.647949     395.733612   8.86900764e+13   8.73168697e+13   9.02055120e+13   6.72816117e+12   6.68714140e+12   6.76853239e+12
A1644         403.647949     420.122650     411.885284   9.38486341e+13   9.23863739e+13   9.54308430e+13   7.27590214e+12   7.23326494e+12   7.31823263e+12
A1644         420.122650     437.269775     428.696198   9.92513758e+13   9.77065633e+13   1.00936010e+14   7.86754804e+12   7.82264592e+12   7.91102515e+12
A1644         437.269775     455.116730     446.193237   1.04925682e+14   1.03301194e+14   1.06706869e+14   8.50527624e+12   8.45859888e+12   8.55127359e+12
A1644         455.116730     473.692108     464.404419   1.10878104e+14   1.09157366e+14   1.12772646e+14   9.19390388e+12   9.14501927e+12   9.24191818e+12
A1644         473.692108     493.025635     483.358856   1.17123741e+14   1.15307180e+14   1.19139104e+14   9.93593393e+12   9.88490708e+12   9.98527258e+12
A1644         493.025635     513.148254     503.086945   1.23682408e+14   1.21765972e+14   1.25831628e+14   1.07357195e+13   1.06813247e+13   1.07867600e+13
A1644         513.148254     534.092163     523.620178   1.30558231e+14   1.28531183e+14   1.32812242e+14   1.15954093e+13   1.15376191e+13   1.16497769e+13
A1644         534.092163     555.890869     544.991516   1.37765438e+14   1.35611848e+14   1.40136973e+14   1.25186364e+13   1.24566110e+13   1.25761980e+13
A1644         555.890869     578.579346     567.235107   1.45311813e+14   1.43026739e+14   1.47816249e+14   1.35085142e+13   1.34426615e+13   1.35709862e+13
A1644         578.579346     602.193787     590.386536   1.53234283e+14   1.50770431e+14   1.55882130e+14   1.45690009e+13   1.44980815e+13   1.46366320e+13
A1644         602.193787     626.772034     614.482910   1.61521674e+14   1.58892550e+14   1.64312346e+14   1.57015972e+13   1.56251739e+13   1.57753645e+13
A1644         626.772034     652.353455     639.562744   1.70203481e+14   1.67410712e+14   1.73119461e+14   1.69111401e+13   1.68272268e+13   1.69914789e+13
A1644         652.353455     678.978943     665.666199   1.79261734e+14   1.76322131e+14   1.82340941e+14   1.81992948e+13   1.81074018e+13   1.82869809e+13
A1644         678.978943     706.691162     692.835083   1.88720293e+14   1.85655229e+14   1.91979351e+14   1.95680870e+13   1.94679480e+13   1.96636668e+13
A1644         706.691162     735.534424     721.112793   1.98627876e+14   1.95342025e+14   2.02051938e+14   2.10196350e+13   2.09109752e+13   2.11233769e+13
A1644         735.534424     765.554932     750.544678   2.08963816e+14   2.05490580e+14   2.12591654e+14   2.25567887e+13   2.24389350e+13   2.26692254e+13
A1644         765.554932     796.800720     781.177856   2.19753109e+14   2.16074050e+14   2.23569607e+14   2.41805442e+13   2.40524166e+13   2.43009816e+13
A1644         796.800720     829.321777     813.061279   2.30994079e+14   2.27066281e+14   2.34991452e+14   2.58931604e+13   2.57546917e+13   2.60230391e+13
A1644         829.321777     863.170166     846.245972   2.42706605e+14   2.38570267e+14   2.46935034e+14   2.76942364e+13   2.75460013e+13   2.78349511e+13
A1644         863.170166     898.400085     880.785095   2.54912617e+14   2.50439996e+14   2.59382940e+14   2.95868679e+13   2.94289649e+13   2.97360467e+13
A1644         898.400085     935.067871     916.733948   2.67637448e+14   2.62889798e+14   2.72394829e+14   3.15722123e+13   3.14072357e+13   3.17299685e+13
A1644         935.067871     973.232239     954.150024   2.80886784e+14   2.75812465e+14   2.85866312e+14   3.36506535e+13   3.34768143e+13   3.38175847e+13
A1644         973.232239    1012.954224     993.093262   2.94607108e+14   2.89184443e+14   2.99861665e+14   3.58222125e+13   3.56392066e+13   3.59990485e+13
A1644        1012.954224    1054.297485    1033.625854   3.08914583e+14   3.03153354e+14   3.14506194e+14   3.80907437e+13   3.78983930e+13   3.82759642e+13
A1644        1054.297485    1097.328125    1075.812866   3.23819227e+14   3.17553373e+14   3.29738934e+14   4.04548506e+13   4.02522657e+13   4.06463625e+13
A1644        1097.328125    1142.115112    1119.721680   3.39183231e+14   3.32542272e+14   3.45637158e+14   4.29141472e+13   4.27016596e+13   4.31183427e+13
A1644        1142.115112    1188.729980    1165.422607   3.55203627e+14   3.48075491e+14   3.62232005e+14   4.54732682e+13   4.52529582e+13   4.56917705e+13
A1644        1188.729980    1237.247559    1212.988770   3.71933565e+14   3.64230876e+14   3.79478681e+14   4.81345164e+13   4.78963512e+13   4.83650437e+13
A1644        1237.247559    1287.745239    1262.496338   3.89233626e+14   3.80851527e+14   3.97376783e+14   5.08953079e+13   5.06374589e+13   5.11451794e+13
A1644        1287.745239    1340.303955    1314.024536   4.07102737e+14   3.97943249e+14   4.15932887e+14   5.37560791e+13   5.34714746e+13   5.40338050e+13
A1644        1340.303955    1395.007812    1367.655884   4.25585357e+14   4.15644823e+14   4.35253362e+14   5.67241699e+13   5.64129484e+13   5.70351650e+13
A1644        1395.007812    1451.944458    1423.476074   4.44878417e+14   4.33905715e+14   4.55330723e+14   5.97980453e+13   5.94541501e+13   6.01531687e+13
A1644        1451.944458    1511.204834    1481.574707   4.64789583e+14   4.52795719e+14   4.76223491e+14   6.29873270e+13   6.26013084e+13   6.33851274e+13
A1644        1511.204834    1572.884033    1542.044434   4.85333284e+14   4.72403755e+14   4.97780032e+14   6.62890286e+13   6.58410391e+13   6.67414597e+13
A1644        1572.884033    1637.080566    1604.982300   5.06506634e+14   4.92382869e+14   5.20214391e+14   6.97059141e+13   6.91943684e+13   7.02200225e+13
A1644        1637.080566    1703.897217    1670.488892   5.28546963e+14   5.12966533e+14   5.43584483e+14   7.32473621e+13   7.26583141e+13   7.38329960e+13
A1644        1703.897217    1773.441040    1738.669189   5.51245899e+14   5.34315910e+14   5.67870510e+14   7.69205993e+13   7.62376408e+13   7.75760265e+13
A1644        1773.441040    1845.823242    1809.632080   5.74682932e+14   5.56336912e+14   5.92914799e+14   8.07255713e+13   7.99372602e+13   8.14795310e+13
A1644        1845.823242    1921.159668    1883.491455   5.99005130e+14   5.78702887e+14   6.18862442e+14   8.46709014e+13   8.37626836e+13   8.55267323e+13
A1644        1921.159668    1999.570923    1960.365234   6.24067204e+14   6.02070260e+14   6.45519827e+14   8.87538215e+13   8.77189692e+13   8.97409845e+13
A1644        1999.570923    2081.182373    2040.376709   6.49797212e+14   6.25732980e+14   6.73117341e+14   9.29863104e+13   9.18052279e+13   9.41227151e+13
A1644        2081.182373    2166.125000    2123.653809   6.76380442e+14   6.50052763e+14   7.01754438e+14   9.73774950e+13   9.60447801e+13   9.86761858e+13
A1644        2166.125000    2254.534424    2210.329590   7.03546580e+14   6.74717485e+14   7.31225497e+14   1.01940671e+14   1.00440134e+14   1.03416429e+14
A1644        2254.534424    2346.552246    2300.543213   7.31725190e+14   6.99929815e+14   7.61713792e+14   1.06676577e+14   1.04990325e+14   1.08351464e+14
A1644        2346.552246    2442.325684    2394.438965   7.60860906e+14   7.25716262e+14   7.93151611e+14   1.11596118e+14   1.09732371e+14   1.13483169e+14
A1644        2442.325684    2542.008057    2492.166748   7.90509400e+14   7.52244329e+14   8.25696121e+14   1.16722615e+14   1.14634799e+14   1.18816965e+14
A1644        2542.008057    2645.759033    2593.883545   8.20865961e+14   7.79394159e+14   8.59224247e+14   1.22048551e+14   1.19724571e+14   1.24382354e+14
A1644        2645.759033    2753.744385    2699.751709   8.52217075e+14   8.07033683e+14   8.94017441e+14   1.27588874e+14   1.25028587e+14   1.30199778e+14
A1644        2753.744385    2866.137207    2809.940674   8.84700181e+14   8.35078343e+14   9.29550175e+14   1.33369506e+14   1.30528091e+14   1.36268592e+14
A1644        2866.137207    2983.117188    2924.627197   9.17715192e+14   8.63903546e+14   9.66392271e+14   1.39400613e+14   1.36267325e+14   1.42624002e+14
A1795           0.000000       1.041149       0.520575   8.85755008e+08   7.76934400e+08   1.00735482e+09   6.78360200e+06   6.47203300e+06   7.15889950e+06
A1795           1.041149       1.083992       1.062570   9.82131520e+08   8.62545472e+08   1.11571341e+09   7.65491300e+06   7.30364050e+06   8.07830400e+06
A1795           1.083992       1.128597       1.106294   1.08870976e+09   9.57288320e+08   1.23538970e+09   8.63817100e+06   8.24210950e+06   9.11579000e+06
A1795           1.128597       1.175038       1.151818   1.20668531e+09   1.06221088e+09   1.36747891e+09   9.74771800e+06   9.30118000e+06   1.02865100e+07
A1795           1.175038       1.223390       1.199214   1.33720384e+09   1.17845184e+09   1.51358208e+09   1.09997610e+07   1.04963220e+07   1.16075560e+07
A1795           1.223390       1.273731       1.248561   1.48160512e+09   1.30726989e+09   1.67478989e+09   1.24126980e+07   1.18450060e+07   1.30982410e+07
A1795           1.273731       1.326145       1.299938   1.64123034e+09   1.45008768e+09   1.85270592e+09   1.40070380e+07   1.33669420e+07   1.47803260e+07
A1795           1.326145       1.380714       1.353430   1.81773555e+09   1.60804467e+09   2.04936563e+09   1.58060770e+07   1.50842710e+07   1.66783230e+07
A1795           1.380714       1.437530       1.409122   2.01284672e+09   1.78306650e+09   2.26644736e+09   1.78360660e+07   1.70220200e+07   1.88199080e+07
A1795           1.437530       1.496683       1.467106   2.22859827e+09   1.97693683e+09   2.50555443e+09   2.01268880e+07   1.92087480e+07   2.12362980e+07
A1795           1.496683       1.558270       1.527477   2.46706355e+09   2.19122048e+09   2.76972109e+09   2.27116640e+07   2.16762480e+07   2.39626980e+07
A1795           1.558270       1.622392       1.590331   2.72990285e+09   2.42836941e+09   3.06146662e+09   2.56281500e+07   2.44605300e+07   2.70388100e+07
A1795           1.622392       1.689152       1.655772   3.02045466e+09   2.68991078e+09   3.38286259e+09   2.89188460e+07   2.76022780e+07   3.05094100e+07
A1795           1.689152       1.758659       1.723906   3.34141824e+09   2.97941965e+09   3.73752806e+09   3.26313280e+07   3.11472900e+07   3.44249840e+07
A1795           1.758659       1.831027       1.794843   3.69587482e+09   3.29957018e+09   4.12853581e+09   3.68201400e+07   3.51472320e+07   3.88424440e+07
A1795           1.831027       1.906372       1.868700   4.08708275e+09   3.65356467e+09   4.55910502e+09   4.15455920e+07   3.96593080e+07   4.38258640e+07
A1795           1.906372       1.984818       1.945595   4.51850496e+09   4.04465024e+09   5.03345766e+09   4.68772400e+07   4.47503640e+07   4.94476720e+07
A1795           1.984818       2.066492       2.025655   4.99457843e+09   4.47595981e+09   5.55583642e+09   5.28922000e+07   5.04939160e+07   5.57871280e+07
A1795           2.066492       2.151526       2.109009   5.52001178e+09   4.95278797e+09   6.13199462e+09   5.96796680e+07   5.69720240e+07   6.29425000e+07
A1795           2.151526       2.240060       2.195793   6.09978010e+09   5.47909325e+09   6.76700365e+09   6.73368720e+07   6.42799680e+07   7.10120160e+07
A1795           2.240060       2.332237       2.286148   6.73858816e+09   6.05974630e+09   7.46639872e+09   7.59742880e+07   7.25276000e+07   8.01131840e+07
A1795           2.332237       2.428206       2.380222   7.44262707e+09   6.70035149e+09   8.23696640e+09   8.57157280e+07   8.18334000e+07   9.03780160e+07
A1795           2.428206       2.528125       2.478166   8.21813453e+09   7.40706714e+09   9.08478464e+09   9.66992480e+07   9.23304240e+07   1.01954672e+08
A1795           2.528125       2.632156       2.580141   9.07245670e+09   8.18659482e+09   1.00183081e+10   1.09088392e+08   1.04171400e+08   1.14994312e+08
A1795           2.632156       2.740467       2.686311   1.00153108e+10   9.04608256e+09   1.10425713e+10   1.23052360e+08   1.17527296e+08   1.29697304e+08
A1795           2.740467       2.853235       2.796851   1.10532659e+10   9.99495782e+09   1.21715384e+10   1.38815600e+08   1.32584696e+08   1.46288576e+08
A1795           2.853235       2.970644       2.911939   1.21924465e+10   1.10420378e+10   1.34127677e+10   1.56587456e+08   1.49566048e+08   1.64996688e+08
A1795           2.970644       3.092883       3.031763   1.34478807e+10   1.21967145e+10   1.47724698e+10   1.76623616e+08   1.68718144e+08   1.86080224e+08
A1795           3.092883       3.220153       3.156518   1.48296151e+10   1.34673940e+10   1.62694257e+10   1.99217488e+08   1.90322320e+08   2.09817280e+08
A1795           3.220153       3.352660       3.286406   1.63489915e+10   1.48686295e+10   1.79129815e+10   2.24699360e+08   2.14681344e+08   2.36613280e+08
A1795           3.352660       3.490619       3.421639   1.80203704e+10   1.64104602e+10   1.97200282e+10   2.53427536e+08   2.42158848e+08   2.66815216e+08
A1795           3.490619       3.634255       3.562437   1.98590607e+10   1.81074371e+10   2.17047736e+10   2.85801760e+08   2.73139360e+08   3.00811136e+08
A1795           3.634255       3.783802       3.709029   2.18793697e+10   1.99732347e+10   2.38780641e+10   3.22298848e+08   3.08062208e+08   3.39131744e+08
A1795           3.783802       3.939503       3.861652   2.40957624e+10   2.20265267e+10   2.62697800e+10   3.63406528e+08   3.47428448e+08   3.82348544e+08
A1795           3.939503       4.101610       4.020556   2.65323602e+10   2.42902835e+10   2.88926024e+10   4.09758240e+08   3.91812896e+08   4.31037728e+08
A1795           4.101610       4.270388       4.185999   2.92073779e+10   2.67792753e+10   3.17628355e+10   4.61980896e+08   4.41859136e+08   4.85903360e+08
A1795           4.270388       4.446112       4.358250   3.21389834e+10   2.95123948e+10   3.49214024e+10   5.20804288e+08   4.98166752e+08   5.47609344e+08
A1795           4.446112       4.629066       4.537589   3.53615831e+10   3.25233521e+10   3.83742976e+10   5.87071104e+08   5.61726016e+08   6.17014336e+08
A1795           4.629066       4.819548       4.724307   3.89057044e+10   3.58268232e+10   4.21561385e+10   6.61668288e+08   6.33224256e+08   6.95156224e+08
A1795           4.819548       5.017869       4.918708   4.27934269e+10   3.94550723e+10   4.63063900e+10   7.45704768e+08   7.13839104e+08   7.83149696e+08
A1795           5.017869       5.224350       5.121109   4.70496256e+10   4.34342666e+10   5.08520243e+10   8.40304576e+08   8.04589824e+08   8.82102720e+08
A1795           5.224350       5.439328       5.331839   5.17153260e+10   4.78128374e+10   5.58357299e+10   9.46861376e+08   9.06772544e+08   9.93472320e+08
A1795           5.439328       5.663152       5.551240   5.68316068e+10   5.26190060e+10   6.12836188e+10   1.06678509e+09   1.02186822e+09   1.11853184e+09
A1795           5.663152       5.896187       5.779669   6.24495002e+10   5.78837258e+10   6.72472760e+10   1.20151475e+09   1.15153613e+09   1.25941875e+09
A1795           5.896187       6.138810       6.017498   6.85988209e+10   6.36546212e+10   7.37669775e+10   1.35321459e+09   1.29724083e+09   1.41775386e+09
A1795           6.138810       6.391418       6.265114   7.53335747e+10   6.99891712e+10   8.09020785e+10   1.52379469e+09   1.46134976e+09   1.59533376e+09
A1795           6.391418       6.654419       6.522919   8.26886881e+10   7.69158513e+10   8.87062610e+10   1.71550643e+09   1.64606669e+09   1.79491443e+09
A1795           6.654419       6.928244       6.791332   9.07509432e+10   8.45149962e+10   9.72306514e+10   1.93093376e+09   1.85376051e+09   2.01962458e+09
A1795           6.928244       7.213336       7.070790   9.95838525e+10   9.28412713e+10   1.06542227e+11   2.17309491e+09   2.08743859e+09   2.27157248e+09
A1795           7.213336       7.510159       7.361747   1.09228556e+11   1.01957812e+11   1.16721975e+11   2.44491904e+09   2.35010918e+09   2.55317734e+09
A1795           7.510159       7.819196       7.664678   1.19776977e+11   1.11936209e+11   1.27846015e+11   2.75019725e+09   2.64497741e+09   2.87042150e+09
A1795           7.819196       8.140950       7.980073   1.31303883e+11   1.22865402e+11   1.39966464e+11   3.09282790e+09   2.97624730e+09   3.22522214e+09
A1795           8.140950       8.475944       8.308447   1.43883747e+11   1.34857998e+11   1.53188319e+11   3.47713485e+09   3.34854656e+09   3.62175821e+09
A1795           8.475944       8.824722       8.650333   1.57633921e+11   1.47950666e+11   1.67619117e+11   3.90787123e+09   3.76668006e+09   4.06662221e+09
A1795           8.824722       9.187853       9.006288   1.72674777e+11   1.62270790e+11   1.83349199e+11   4.39076096e+09   4.23534515e+09   4.56395674e+09
A1795           9.187853       9.565926       9.376889   1.89081076e+11   1.77910317e+11   2.00515387e+11   4.93177446e+09   4.76156058e+09   5.12041062e+09
A1795           9.565926       9.959557       9.762741   2.06958756e+11   1.95026715e+11   2.19251802e+11   5.53689395e+09   5.35114701e+09   5.74324070e+09
A1795           9.959557      10.369385      10.164471   2.26510225e+11   2.13712650e+11   2.39674262e+11   6.21465190e+09   6.01169613e+09   6.43824640e+09
A1795          10.369385      10.796077      10.582730   2.47811768e+11   2.34093674e+11   2.61885542e+11   6.97334477e+09   6.75156429e+09   7.21377690e+09
A1795          10.796077      11.240327      11.018202   2.71019098e+11   2.56354009e+11   2.86055891e+11   7.82209178e+09   7.58113434e+09   8.08084941e+09
A1795          11.240327      11.702858      11.471592   2.96337998e+11   2.80643830e+11   3.12394088e+11   8.77014221e+09   8.50774528e+09   9.04875213e+09
A1795          11.702858      12.184422      11.943640   3.23877732e+11   3.07104711e+11   3.41008286e+11   9.82722560e+09   9.54357248e+09   1.01253448e+10
A1795          12.184422      12.685801      12.435111   3.53885422e+11   3.35953232e+11   3.72113211e+11   1.10059459e+10   1.07008860e+10   1.13233633e+10
A1795          12.685801      13.207811      12.946806   3.86568520e+11   3.67459336e+11   4.06006497e+11   1.23202109e+10   1.19947694e+10   1.26580316e+10
A1795          13.207811      13.751303      13.479557   4.22132679e+11   4.01744593e+11   4.42878657e+11   1.37847931e+10   1.34401024e+10   1.41405747e+10
A1795          13.751303      14.317159      14.034231   4.60798296e+11   4.39131636e+11   4.82939273e+11   1.54145608e+10   1.50474609e+10   1.57907538e+10
A1795          14.317159      14.906299      14.611729   5.02904324e+11   4.79809044e+11   5.26429389e+11   1.72290335e+10   1.68394609e+10   1.76235930e+10
A1795          14.906299      15.519681      15.212990   5.48564238e+11   5.24106990e+11   5.73592371e+11   1.92453734e+10   1.88302008e+10   1.96508119e+10
A1795          15.519681      16.158304      15.838993   5.98234366e+11   5.72231778e+11   6.24863216e+11   2.14799401e+10   2.10427638e+10   2.19047956e+10
A1795          16.158304      16.823206      16.490755   6.52187271e+11   6.24486973e+11   6.80476017e+11   2.39548355e+10   2.35037737e+10   2.44055798e+10
A1795          16.823206      17.515469      17.169336   7.10760006e+11   6.81341944e+11   7.40855448e+11   2.67021640e+10   2.62369055e+10   2.71649341e+10
A1795          17.515469      18.236216      17.875841   7.74236865e+11   7.43115260e+11   8.06236455e+11   2.97471754e+10   2.92623053e+10   3.02212649e+10
A1795          18.236216      18.986622      18.611420   8.43215929e+11   8.10320658e+11   8.77103415e+11   3.31134198e+10   3.26151721e+10   3.36064963e+10
A1795          18.986622      19.767908      19.377264   9.17956723e+11   8.83331105e+11   9.53823003e+11   3.68368927e+10   3.63199529e+10   3.73479506e+10
A1795          19.767908      20.581341      20.174623   9.98942573e+11   9.62430042e+11   1.03683464e+12   4.09538847e+10   4.04104069e+10   4.14856028e+10
A1795          20.581341      21.428247      21.004795   1.08683834e+12   1.04832454e+12   1.12682782e+12   4.54833316e+10   4.49133773e+10   4.60509020e+10
A1795          21.428247      22.310003      21.869125   1.18207558e+12   1.14133697e+12   1.22402216e+12   5.04953201e+10   4.98923561e+10   5.10710866e+10
A1795          22.310003      23.228043      22.769024   1.28521693e+12   1.24215388e+12   1.32930509e+12   5.60001884e+10   5.53793659e+10   5.66060933e+10
A1795          23.228043      24.183859      23.705952   1.39668514e+12   1.35127617e+12   1.44301713e+12   6.20615475e+10   6.14027592e+10   6.27078595e+10
A1795          24.183859      25.179007      24.681433   1.51750469e+12   1.46940520e+12   1.56581285e+12   6.87349023e+10   6.80219197e+10   6.94152970e+10
A1795          25.179007      26.215103      25.697054   1.64801898e+12   1.59724261e+12   1.69866481e+12   7.60497193e+10   7.52934339e+10   7.67855985e+10
A1795          26.215103      27.293835      26.754469   1.78902204e+12   1.73589398e+12   1.84240466e+12   8.40921252e+10   8.32779551e+10   8.48781967e+10
A1795          27.293835      28.416954      27.855394   1.94125339e+12   1.88553901e+12   1.99705297e+12   9.29069056e+10   9.20252416e+10   9.37397043e+10
A1795          28.416954      29.586290      29.001623   2.10582228e+12   2.04706152e+12   2.16396320e+12   1.02549578e+11   1.01604000e+11   1.03451107e+11
A1795          29.586290      30.803743      30.195017   2.28365409e+12   2.22244110e+12   2.34386280e+12   1.13088528e+11   1.12065495e+11   1.14078204e+11
A1795          30.803743      32.071293      31.437519   2.47538778e+12   2.41111191e+12   2.53810914e+12   1.24621857e+11   1.23502969e+11   1.25678125e+11
A1795          32.071293      33.391003      32.731148   2.68221520e+12   2.61457655e+12   2.74738210e+12   1.37201091e+11   1.35994663e+11   1.38346168e+11
A1795          33.391003      34.765018      34.078011   2.90483470e+12   2.83456464e+12   2.97262278e+12   1.50926262e+11   1.49631615e+11   1.52164811e+11
A1795          34.765018      36.195572      35.480293   3.14514368e+12   3.07174887e+12   3.21460634e+12   1.65874762e+11   1.64476322e+11   1.67215120e+11
A1795          36.195572      37.684990      36.940281   3.40361871e+12   3.32791808e+12   3.47647508e+12   1.82137061e+11   1.80653326e+11   1.83575249e+11
A1795          37.684990      39.235699      38.460346   3.68152202e+12   3.60320729e+12   3.75710705e+12   1.99814480e+11   1.98260965e+11   2.01370796e+11
A1795          39.235699      40.850220      40.042957   3.98071667e+12   3.90001197e+12   4.05905080e+12   2.19007877e+11   2.17342296e+11   2.20668953e+11
A1795          40.850220      42.531174      41.690697   4.30295509e+12   4.21913192e+12   4.38385299e+12   2.39827780e+11   2.38087471e+11   2.41548427e+11
A1795          42.531174      44.281300      43.406235   4.64926854e+12   4.56236833e+12   4.73216319e+12   2.62393676e+11   2.60581687e+11   2.64158003e+11
A1795          44.281300      46.103439      45.192368   5.02103540e+12   4.93153314e+12   5.10594174e+12   2.86786879e+11   2.84942860e+11   2.88621691e+11
A1795          46.103439      48.000561      47.051998   5.41977372e+12   5.32782881e+12   5.50771884e+12   3.13172558e+11   3.11248519e+11   3.15075690e+11
A1795          48.000561      49.975746      48.988152   5.84821663e+12   5.75382330e+12   5.93828145e+12   3.41660959e+11   3.39617022e+11   3.43652827e+11
A1795          49.975746      52.032211      51.003979   6.30807593e+12   6.21148321e+12   6.40010787e+12   3.72403634e+11   3.70241405e+11   3.74468248e+11
A1795          52.032211      54.173294      53.102753   6.80086995e+12   6.70212869e+12   6.89484700e+12   4.05495087e+11   4.03255853e+11   4.07673635e+11
A1795          54.173294      56.402485      55.287891   7.32879441e+12   7.22671973e+12   7.42421955e+12   4.41101451e+11   4.38745006e+11   4.43396424e+11
A1795          56.402485      58.723404      57.562943   7.89416457e+12   7.79013692e+12   7.99232229e+12   4.79403573e+11   4.76930408e+11   4.81803141e+11
A1795          58.723404      61.139828      59.931614   8.49940106e+12   8.39241853e+12   8.59934923e+12   5.20504934e+11   5.17956698e+11   5.23071783e+11
A1795          61.139828      63.655682      62.397755   9.14671482e+12   9.03808759e+12   9.24899502e+12   5.64648477e+11   5.61971659e+11   5.67325819e+11
A1795          63.655682      66.275063      64.965378   9.84000076e+12   9.72867030e+12   9.94352038e+12   6.11986637e+11   6.09206338e+11   6.14823035e+11
A1795          66.275063      69.002235      67.638649   1.05793255e+13   1.04668353e+13   1.06861030e+13   6.62679323e+11   6.59779813e+11   6.65730351e+11
A1795          69.002235      71.841621      70.421928   1.13698784e+13   1.12552323e+13   1.14779604e+13   7.17015679e+11   7.13980248e+11   7.20271442e+11
A1795          71.841621      74.797852      73.319733   1.22145934e+13   1.20974465e+13   1.23231598e+13   7.75169442e+11   7.71983933e+11   7.78555818e+11
A1795          74.797852      77.875725      76.336784   1.31144457e+13   1.29954176e+13   1.32247600e+13   8.37384602e+11   8.34014282e+11   8.40952185e+11
A1795          77.875725      81.080246      79.477989   1.40748553e+13   1.39543257e+13   1.41870162e+13   9.03986676e+11   9.00482335e+11   9.07693720e+11
A1795          81.080246      84.416641      82.748444   1.50984311e+13   1.49755989e+13   1.52128518e+13   9.75156609e+11   9.71420205e+11   9.79102925e+11
A1795          84.416641      87.890320      86.153481   1.61874455e+13   1.60645010e+13   1.63066633e+13   1.05130590e+12   1.04728953e+12   1.05543893e+12
A1795          87.890320      91.506935      89.698631   1.73478217e+13   1.72219538e+13   1.74691357e+13   1.13272186e+12   1.12839898e+12   1.13705930e+12
A1795          91.506935      95.272377      93.389656   1.85823417e+13   1.84517562e+13   1.87092445e+13   1.21972536e+12   1.21509183e+12   1.22429873e+12
A1795          95.272377      99.192764      97.232574   1.98963311e+13   1.97579023e+13   2.00285335e+13   1.31274244e+12   1.30775843e+12   1.31758175e+12
A1795          99.192764     103.274467     101.233620   2.12911532e+13   2.11488594e+13   2.14290724e+13   1.41214076e+12   1.40684571e+12   1.41735494e+12
A1795         103.274467     107.524132     105.399300   2.27705660e+13   2.26240611e+13   2.29216616e+13   1.51843753e+12   1.51289201e+12   1.52382695e+12
A1795         107.524132     111.948669     109.736404   2.43432266e+13   2.41889790e+13   2.45034281e+13   1.63207250e+12   1.62624910e+12   1.63777125e+12
A1795         111.948669     116.555267     114.251968   2.60133083e+13   2.58465512e+13   2.61820535e+13   1.75360364e+12   1.74750800e+12   1.75973977e+12
A1795         116.555267     121.351433     118.953354   2.77810355e+13   2.76048034e+13   2.79618246e+13   1.88344186e+12   1.87714594e+12   1.88998785e+12
A1795         121.351433     126.344948     123.848190   2.96526073e+13   2.94641698e+13   2.98481290e+13   2.02240832e+12   2.01555562e+12   2.02917767e+12
A1795         126.344948     131.543945     128.944443   3.16347095e+13   3.14325839e+13   3.18448547e+13   2.17083177e+12   2.16366685e+12   2.17811740e+12
A1795         131.543945     136.956879     134.250412   3.37330821e+13   3.35104212e+13   3.39614242e+13   2.32942443e+12   2.32197508e+12   2.33708008e+12
A1795         136.956879     142.592545     139.774719   3.59523114e+13   3.57107111e+13   3.62004380e+13   2.49906384e+12   2.49118327e+12   2.50701650e+12
A1795         142.592545     148.460129     145.526337   3.82959794e+13   3.80331350e+13   3.85644736e+13   2.68032646e+12   2.67185737e+12   2.68871559e+12
A1795         148.460129     154.569138     151.514633   4.07718771e+13   4.04864757e+13   4.10663340e+13   2.87395545e+12   2.86500717e+12   2.88278132e+12
A1795         154.569138     160.929550     157.749344   4.33860903e+13   4.30718530e+13   4.37023786e+13   3.08061222e+12   3.07114646e+12   3.09014141e+12
A1795         160.929550     167.551666     164.240601   4.61426917e+13   4.57986414e+13   4.64810630e+13   3.30133039e+12   3.29138228e+12   3.31143447e+12
A1795         167.551666     174.446289     170.998978   4.90440176e+13   4.86741933e+13   4.94107969e+13   3.53694751e+12   3.52640854e+12   3.54738844e+12
A1795         174.446289     181.624619     178.035461   5.20975590e+13   5.17004214e+13   5.24942269e+13   3.78835934e+12   3.77723027e+12   3.79933740e+12
A1795         181.624619     189.098343     185.361481   5.53140198e+13   5.48843008e+13   5.57421240e+13   4.05643854e+12   4.04469082e+12   4.06803317e+12
A1795         189.098343     196.879593     192.988968   5.86923261e+13   5.82327143e+13   5.91552724e+13   4.34235428e+12   4.33006785e+12   4.35455787e+12
A1795         196.879593     204.981033     200.930313   6.22443522e+13   6.17508587e+13   6.27389613e+13   4.64714727e+12   4.63426814e+12   4.65988852e+12
A1795         204.981033     213.415848     209.198441   6.59783271e+13   6.54476050e+13   6.65120020e+13   4.97197095e+12   4.95829700e+12   4.98517515e+12
A1795         213.415848     222.197739     217.806793   6.98913485e+13   6.93280409e+13   7.04602723e+13   5.31800523e+12   5.30349975e+12   5.33178614e+12
A1795         222.197739     231.341003     226.769379   7.39963474e+13   7.33992211e+13   7.46055029e+13   5.68652674e+12   5.67136485e+12   5.70130799e+12
A1795         231.341003     240.860504     236.100754   7.82977739e+13   7.76641236e+13   7.89433863e+13   6.07903390e+12   6.06295923e+12   6.09454444e+12
A1795         240.860504     250.771729     245.816116   8.27945627e+13   8.21315942e+13   8.34892737e+13   6.49661356e+12   6.47954956e+12   6.51293360e+12
A1795         250.771729     261.090790     255.931259   8.74998168e+13   8.68025306e+13   8.82367393e+13   6.94052612e+12   6.92255510e+12   6.95768030e+12
A1795         261.090790     271.834473     266.462646   9.24247770e+13   9.16965032e+13   9.32002618e+13   7.41250328e+12   7.39360322e+12   7.43047640e+12
A1795         271.834473     283.020264     277.427368   9.75650307e+13   9.67977332e+13   9.83785915e+13   7.91383533e+12   7.89369691e+12   7.93234794e+12
A1795         283.020264     294.666321     288.843292   1.02936047e+14   1.02130489e+14   1.03783388e+14   8.44604899e+12   8.42484154e+12   8.46538002e+12
A1795         294.666321     306.791626     300.728973   1.08532112e+14   1.07692555e+14   1.09415819e+14   9.01050375e+12   8.98853818e+12   9.03054308e+12
A1795         306.791626     319.415863     313.103729   1.14370835e+14   1.13489612e+14   1.15288096e+14   9.60831370e+12   9.58560469e+12   9.63021006e+12
A1795         319.415863     332.559570     325.987732   1.20447534e+14   1.19525366e+14   1.21396915e+14   1.02417312e+13   1.02181089e+13   1.02649047e+13
A1795         332.559570     346.244141     339.401855   1.26770850e+14   1.25819859e+14   1.27748064e+14   1.09115836e+13   1.08868613e+13   1.09361884e+13
A1795         346.244141     360.491821     353.367981   1.33348224e+14   1.32355625e+14   1.34352726e+14   1.16197540e+13   1.15937693e+13   1.16454955e+13
A1795         360.491821     375.325775     367.908813   1.40174579e+14   1.39142378e+14   1.41219884e+14   1.23674548e+13   1.23401572e+13   1.23949841e+13
A1795         375.325775     390.770172     383.047974   1.47250068e+14   1.46197197e+14   1.48328944e+14   1.31566750e+13   1.31272330e+13   1.31858841e+13
A1795         390.770172     406.850037     398.810089   1.54600284e+14   1.53504279e+14   1.55693840e+14   1.39881957e+13   1.39574861e+13   1.40196666e+13
A1795         406.850037     423.591614     415.220825   1.62206990e+14   1.61077598e+14   1.63332842e+14   1.48643607e+13   1.48323183e+13   1.48979528e+13
A1795         423.591614     441.022095     432.306854   1.70082752e+14   1.68912289e+14   1.71228199e+14   1.57871096e+13   1.57531358e+13   1.58221960e+13
A1795         441.022095     459.169800     450.095947   1.78217202e+14   1.77006944e+14   1.79403452e+14   1.67578446e+13   1.67217946e+13   1.67949065e+13
A1795         459.169800     478.064301     468.617035   1.86627704e+14   1.85384294e+14   1.87851669e+14   1.77791828e+13   1.77404484e+13   1.78178228e+13
A1795         478.064301     497.736267     487.900269   1.95307061e+14   1.94031020e+14   1.96582734e+14   1.88530274e+13   1.88120994e+13   1.88936995e+13
A1795         497.736267     518.217712     507.976990   2.04279181e+14   2.02934252e+14   2.05589716e+14   1.99814944e+13   1.99383329e+13   2.00250774e+13
A1795         518.217712     539.541992     528.879883   2.13518410e+14   2.12101390e+14   2.14907631e+14   2.11678847e+13   2.11217432e+13   2.12139445e+13
A1795         539.541992     561.743713     550.642883   2.23024431e+14   2.21545167e+14   2.24497571e+14   2.24139516e+13   2.23661471e+13   2.24634570e+13
A1795         561.743713     584.859070     573.301392   2.32820279e+14   2.31234244e+14   2.34378043e+14   2.37232498e+13   2.36731090e+13   2.37764818e+13
A1795         584.859070     608.925537     596.892273   2.42861073e+14   2.41167900e+14   2.44551311e+14   2.50985243e+13   2.50455146e+13   2.51554536e+13
A1795         608.925537     633.982361     621.453979   2.53174867e+14   2.51359186e+14   2.55040980e+14   2.65426609e+13   2.64852786e+13   2.66038223e+13
A1795         633.982361     660.070251     647.026306   2.63751274e+14   2.61778424e+14   2.65803346e+14   2.80583335e+13   2.79957356e+13   2.81233599e+13
A1795         660.070251     687.231628     673.650940   2.74592963e+14   2.72446771e+14   2.76843995e+14   2.96478132e+13   2.95802765e+13   2.97159790e+13
A1795         687.231628     715.510681     701.371155   2.85665657e+14   2.83320974e+14   2.88206096e+14   3.13126541e+13   3.12399857e+13   3.13830471e+13
A1795         715.510681     744.953430     730.232056   2.96998968e+14   2.94403566e+14   2.99832070e+14   3.30536950e+13   3.29756621e+13   3.31275945e+13
A1795         744.953430     775.607666     760.280518   3.08611151e+14   3.05713054e+14   3.11739833e+14   3.48731044e+13   3.47887968e+13   3.49524669e+13
A1795         775.607666     807.523315     791.565491   3.20440732e+14   3.17235613e+14   3.23917944e+14   3.67718952e+13   3.66802329e+13   3.68562384e+13
A1795         807.523315     840.752258     824.137817   3.32494222e+14   3.28959565e+14   3.36403817e+14   3.87474921e+13   3.86487078e+13   3.88408027e+13
A1795         840.752258     875.348572     858.050415   3.44771755e+14   3.40808943e+14   3.49169399e+14   4.07997608e+13   4.06930829e+13   4.09025129e+13
A1795         875.348572     911.368530     893.358582   3.57275009e+14   3.52884613e+14   3.62158118e+14   4.29293474e+13   4.28125905e+13   4.30407523e+13
A1795         911.368530     948.870605     930.119568   3.70002809e+14   3.65101379e+14   3.75361989e+14   4.51315876e+13   4.50057837e+13   4.52533105e+13
A1795         948.870605     987.915894     968.393250   3.82899321e+14   3.77464879e+14   3.88823322e+14   4.74034240e+13   4.72692063e+13   4.75393321e+13
A1795         987.915894    1028.567871    1008.241882   3.95993904e+14   3.89980011e+14   4.02514504e+14   4.97451375e+13   4.95977035e+13   4.98931125e+13
A1795        1028.567871    1070.892700    1049.730347   4.09228980e+14   4.02590672e+14   4.16468013e+14   5.21498243e+13   5.19877018e+13   5.23101599e+13
A1795        1070.892700    1114.959106    1092.925903   4.22641861e+14   4.15324210e+14   4.30658384e+14   5.46134703e+13   5.44400359e+13   5.47859066e+13
A1795        1114.959106    1160.838745    1137.898926   4.36170236e+14   4.28216829e+14   4.44937808e+14   5.71323428e+13   5.69457886e+13   5.73121443e+13
A1795        1160.838745    1208.606445    1184.722656   4.49878061e+14   4.41123374e+14   4.59457415e+14   5.96988249e+13   5.94985930e+13   5.98959655e+13
A1795        1208.606445    1258.339600    1233.473022   4.63730840e+14   4.54113536e+14   4.74171637e+14   6.23104838e+13   6.20931475e+13   6.25254167e+13
A1795        1258.339600    1310.119385    1284.229492   4.77671666e+14   4.67211307e+14   4.89117117e+14   6.49582598e+13   6.47233536e+13   6.51962069e+13
A1795        1310.119385    1364.029785    1337.074585   4.91704767e+14   4.80234487e+14   5.04094540e+14   6.76394518e+13   6.73820013e+13   6.79140278e+13
A1795        1364.029785    1420.158569    1392.094116   5.05835210e+14   4.93399870e+14   5.19281310e+14   7.03548275e+13   7.00625642e+13   7.06598289e+13
A1795        1420.158569    1478.596924    1449.377686   5.19997663e+14   5.06556160e+14   5.34540724e+14   7.30913088e+13   7.27662587e+13   7.34540490e+13
A1795        1478.596924    1539.440063    1509.018555   5.34177531e+14   5.19612727e+14   5.49935733e+14   7.58503556e+13   7.54684223e+13   7.62800788e+13
A1795        1539.440063    1602.786865    1571.113525   5.48406724e+14   5.32670434e+14   5.65354128e+14   7.86293085e+13   7.81817762e+13   7.91410555e+13
A1795        1602.786865    1668.740356    1635.763550   5.62688866e+14   5.45657073e+14   5.80932176e+14   8.14205591e+13   8.08914141e+13   8.20235993e+13
A1795        1668.740356    1737.407715    1703.073975   5.76916650e+14   5.58616969e+14   5.96461704e+14   8.42357172e+13   8.35958761e+13   8.49405700e+13
A1795        1737.407715    1808.900635    1773.154175   5.91193793e+14   5.71500227e+14   6.12061495e+14   8.70687598e+13   8.63206134e+13   8.78832433e+13
A1795        1808.900635    1883.335571    1846.118164   6.05309739e+14   5.84308557e+14   6.27600016e+14   8.99051495e+13   8.90380107e+13   9.08459487e+13
A1795        1883.335571    1960.833374    1922.084473   6.19411459e+14   5.96988710e+14   6.43100083e+14   9.27709916e+13   9.17476150e+13   9.38434751e+13
A1795        1960.833374    2041.520142    2001.176758   6.33364734e+14   6.09640677e+14   6.58761815e+14   9.56427141e+13   9.44647690e+13   9.68687176e+13
A1795        2041.520142    2125.527100    2083.523682   6.47299823e+14   6.22146884e+14   6.74309731e+14   9.85355675e+13   9.71762775e+13   9.99199479e+13
A1795        2125.527100    2212.990967    2169.259033   6.61034591e+14   6.34374656e+14   6.89860264e+14   1.01456162e+14   9.98802362e+13   1.03013230e+14
A1795        2212.990967    2304.053711    2258.522461   6.74728893e+14   6.46492973e+14   7.05324965e+14   1.04376715e+14   1.02587408e+14   1.06114054e+14
A1795        2304.053711    2398.863770    2351.458740   6.88424873e+14   6.58443652e+14   7.20666119e+14   1.07338850e+14   1.05315601e+14   1.09305307e+14
A1795        2398.863770    2497.575195    2448.219482   7.01800810e+14   6.70135157e+14   7.35818361e+14   1.10334120e+14   1.08038250e+14   1.12514319e+14
A1795        2497.575195    2600.348633    2548.961914   7.15024947e+14   6.81651709e+14   7.51005768e+14   1.13372087e+14   1.10798303e+14   1.15774241e+14
A1795        2600.348633    2707.350830    2653.849609   7.27974945e+14   6.92940091e+14   7.66022584e+14   1.16459087e+14   1.13533828e+14   1.19123820e+14
A1795        2707.350830    2818.756348    2763.053467   7.40715898e+14   7.03973862e+14   7.80786265e+14   1.19604387e+14   1.16324819e+14   1.22530275e+14
A1795        2818.756348    2934.745850    2876.750977   7.53184188e+14   7.14832144e+14   7.95389892e+14   1.22777420e+14   1.19120071e+14   1.26025791e+14
A1795        2934.745850    3055.508545    2995.127197   7.65603825e+14   7.25433599e+14   8.09774275e+14   1.26035824e+14   1.21933400e+14   1.29666136e+14
A1795        3055.508545    3181.240234    3118.374268   7.77657784e+14   7.35715483e+14   8.23931896e+14   1.29375782e+14   1.24764513e+14   1.33337889e+14
A2029           0.000000       1.041601       0.520800   3.00729011e+09   2.54934042e+09   3.53345971e+09   1.31222180e+07   1.28897490e+07   1.33334560e+07
A2029           1.041601       1.084932       1.063266   3.30469094e+09   2.80594458e+09   3.87631386e+09   1.48249240e+07   1.45623140e+07   1.50635660e+07
A2029           1.084932       1.130066       1.107499   3.63068800e+09   3.08765875e+09   4.25186483e+09   1.67485830e+07   1.64519240e+07   1.70181100e+07
A2029           1.130066       1.177078       1.153572   3.98792755e+09   3.39758618e+09   4.66267290e+09   1.89218200e+07   1.85866980e+07   1.92262040e+07
A2029           1.177078       1.226045       1.201561   4.37971712e+09   3.73844762e+09   5.11105741e+09   2.13769380e+07   2.09984660e+07   2.17207000e+07
A2029           1.226045       1.277049       1.251547   4.80951603e+09   4.11257190e+09   5.60152269e+09   2.41504780e+07   2.37230740e+07   2.45386680e+07
A2029           1.277049       1.330176       1.303613   5.28006758e+09   4.52399462e+09   6.13904486e+09   2.72835940e+07   2.68009640e+07   2.77219640e+07
A2029           1.330176       1.385512       1.357844   5.79560653e+09   4.97409280e+09   6.72762675e+09   3.08228100e+07   3.02778380e+07   3.13178340e+07
A2029           1.385512       1.443150       1.414331   6.36071014e+09   5.46936474e+09   7.37124147e+09   3.48205720e+07   3.42052840e+07   3.53796120e+07
A2029           1.443150       1.503186       1.473168   6.97936128e+09   6.01141811e+09   8.07434394e+09   3.93361480e+07   3.86414760e+07   3.99674760e+07
A2029           1.503186       1.565720       1.534453   7.65600563e+09   6.60539546e+09   8.84043878e+09   4.44364400e+07   4.36517440e+07   4.51493360e+07
A2029           1.565720       1.630855       1.598288   8.39742003e+09   7.25707776e+09   9.67730278e+09   5.01968920e+07   4.93107160e+07   5.10018680e+07
A2029           1.630855       1.698700       1.664778   9.20946278e+09   7.97303962e+09   1.05941484e+10   5.67026680e+07   5.57023240e+07   5.76115600e+07
A2029           1.698700       1.769367       1.734034   1.00971643e+10   8.75877581e+09   1.15978322e+10   6.40498200e+07   6.29215880e+07   6.50759800e+07
A2029           1.769367       1.842974       1.806171   1.10684867e+10   9.61768448e+09   1.26940989e+10   7.23467040e+07   7.10740640e+07   7.35051840e+07
A2029           1.842974       1.919643       1.881309   1.21302118e+10   1.05587139e+10   1.38890988e+10   8.17155280e+07   8.02792080e+07   8.30232960e+07
A2029           1.919643       1.999502       1.959573   1.32906947e+10   1.15897958e+10   1.51921797e+10   9.22941680e+07   9.06732000e+07   9.37702640e+07
A2029           1.999502       2.082683       2.041092   1.45585981e+10   1.27199386e+10   1.66143150e+10   1.04238056e+08   1.02408784e+08   1.05903872e+08
A2029           2.082683       2.169324       2.126004   1.59429100e+10   1.39585116e+10   1.81632696e+10   1.17722264e+08   1.15658344e+08   1.19602360e+08
A2029           2.169324       2.259569       2.214447   1.74590034e+10   1.53115105e+10   1.98566769e+10   1.32944168e+08   1.30617104e+08   1.35066160e+08
A2029           2.259569       2.353569       2.306569   1.91130153e+10   1.67948810e+10   2.17010094e+10   1.50126176e+08   1.47500720e+08   1.52520960e+08
A2029           2.353569       2.451480       2.402524   2.09230643e+10   1.84187904e+10   2.37178880e+10   1.69518640e+08   1.66557072e+08   1.72221152e+08
A2029           2.451480       2.553463       2.502471   2.29003837e+10   2.01953956e+10   2.59124531e+10   1.91403088e+08   1.88063584e+08   1.94453232e+08
A2029           2.553463       2.659689       2.606576   2.50561311e+10   2.21335921e+10   2.83070976e+10   2.16099856e+08   2.12332592e+08   2.19539056e+08
A2029           2.659689       2.770334       2.715012   2.74072392e+10   2.42530099e+10   3.09143982e+10   2.43963088e+08   2.39715632e+08   2.47841888e+08
A2029           2.770334       2.885582       2.827958   2.99731313e+10   2.65715569e+10   3.37578926e+10   2.75395328e+08   2.70608288e+08   2.79769920e+08
A2029           2.885582       3.005624       2.945603   3.27691489e+10   2.91051950e+10   3.68537969e+10   3.10852320e+08   3.05456960e+08   3.15781120e+08
A2029           3.005624       3.130661       3.068142   3.58200730e+10   3.18669046e+10   4.02197422e+10   3.50834784e+08   3.44760864e+08   3.56390848e+08
A2029           3.130661       3.260898       3.195780   3.91460045e+10   3.48917760e+10   4.38948413e+10   3.95918880e+08   3.89077888e+08   4.02183296e+08
A2029           3.260898       3.396554       3.328726   4.27839939e+10   3.81993288e+10   4.78849556e+10   4.46746080e+08   4.39044512e+08   4.53803488e+08
A2029           3.396554       3.537853       3.467204   4.67472630e+10   4.18077819e+10   5.22250895e+10   5.04035712e+08   4.95370176e+08   5.11991520e+08
A2029           3.537853       3.685031       3.611442   5.10601216e+10   4.57414820e+10   5.69416991e+10   5.68593792e+08   5.58853440e+08   5.77564480e+08
A2029           3.685031       3.838331       3.761681   5.57613998e+10   5.00368712e+10   6.20716196e+10   6.41329408e+08   6.30381632e+08   6.51433792e+08
A2029           3.838331       3.998008       3.918170   6.08802406e+10   5.47255009e+10   6.76608778e+10   7.23259264e+08   7.10939712e+08   7.34627008e+08
A2029           3.998008       4.164329       4.081169   6.64538890e+10   5.98325821e+10   7.37179730e+10   8.15509824e+08   8.01682432e+08   8.28300736e+08
A2029           4.164329       4.337568       4.250948   7.25101363e+10   6.53974118e+10   8.03209871e+10   9.19352000e+08   9.03832832e+08   9.33749888e+08
A2029           4.337568       4.518014       4.427791   7.91007478e+10   7.14536714e+10   8.74957046e+10   1.03623181e+09   1.01880205e+09   1.05242394e+09
A2029           4.518014       4.705966       4.611990   8.62841569e+10   7.80663194e+10   9.52944394e+10   1.16776461e+09   1.14815411e+09   1.18592077e+09
A2029           4.705966       4.901738       4.803853   9.40919276e+10   8.52835860e+10   1.03752647e+11   1.31564365e+09   1.29363187e+09   1.33602330e+09
A2029           4.901738       5.105654       5.003696   1.02590611e+11   9.31470950e+10   1.12937632e+11   1.48185306e+09   1.45720294e+09   1.50475354e+09
A2029           5.105654       5.318054       5.211854   1.11827476e+11   1.01680136e+11   1.22883932e+11   1.66860173e+09   1.64101414e+09   1.69432883e+09
A2029           5.318054       5.539289       5.428671   1.21862193e+11   1.10992671e+11   1.33698183e+11   1.87832397e+09   1.84749517e+09   1.90719859e+09
A2029           5.539289       5.769727       5.654508   1.32758585e+11   1.21113567e+11   1.45472963e+11   2.11378176e+09   2.07929997e+09   2.14613926e+09
A2029           5.769727       6.009752       5.889740   1.44597041e+11   1.32158374e+11   1.58229725e+11   2.37798298e+09   2.33935539e+09   2.41422003e+09
A2029           6.009752       6.259762       6.134757   1.57450338e+11   1.44143335e+11   1.72018434e+11   2.67431808e+09   2.63118387e+09   2.71480627e+09
A2029           6.259762       6.520173       6.389968   1.71395400e+11   1.57164831e+11   1.86988757e+11   3.00628710e+09   2.95804595e+09   3.05158426e+09
A2029           6.520173       6.791417       6.655795   1.86569114e+11   1.71342709e+11   2.03208180e+11   3.37809510e+09   3.32440858e+09   3.42865715e+09
A2029           6.791417       7.073946       6.932681   2.03005051e+11   1.86773389e+11   2.20766437e+11   3.79415834e+09   3.73434982e+09   3.85050496e+09
A2029           7.073946       7.368227       7.221086   2.20825928e+11   2.03530404e+11   2.39782953e+11   4.25937664e+09   4.19289702e+09   4.32197069e+09
A2029           7.368227       7.674750       7.521489   2.40155640e+11   2.21711188e+11   2.60413997e+11   4.77907046e+09   4.70539366e+09   4.84875315e+09
A2029           7.674750       7.994026       7.834388   2.61151736e+11   2.41497604e+11   2.82770637e+11   5.35923098e+09   5.27765709e+09   5.43657421e+09
A2029           7.994026       8.326584       8.160305   2.83887698e+11   2.62934266e+11   3.06975375e+11   6.00622387e+09   5.91625318e+09   6.09189069e+09
A2029           8.326584       8.672976       8.499780   3.08513210e+11   2.86231396e+11   3.33164413e+11   6.72719770e+09   6.62802995e+09   6.82184038e+09
A2029           8.672976       9.033778       8.853376   3.35149531e+11   3.11458922e+11   3.61486844e+11   7.52906701e+09   7.42026240e+09   7.63404186e+09
A2029           9.033778       9.409590       9.221684   3.64086329e+11   3.38826625e+11   3.92082948e+11   8.42101197e+09   8.30120192e+09   8.53718067e+09
A2029           9.409590       9.801036       9.605313   3.95362533e+11   3.68516694e+11   4.25108865e+11   9.41149184e+09   9.28029491e+09   9.53869926e+09
A2029           9.801036      10.208766      10.004901   4.29219774e+11   4.00715350e+11   4.60760515e+11   1.05097585e+10   1.03664026e+10   1.06493368e+10
A2029          10.208766      10.633459      10.421113   4.65896473e+11   4.35606127e+11   4.99336479e+11   1.17263626e+10   1.15702241e+10   1.18796739e+10
A2029          10.633459      11.075819      10.854639   5.05536217e+11   4.73318523e+11   5.41129245e+11   1.30711818e+10   1.29011343e+10   1.32384410e+10
A2029          11.075819      11.536581      11.306200   5.48403806e+11   5.14359427e+11   5.86132226e+11   1.45569475e+10   1.43727340e+10   1.47382641e+10
A2029          11.536581      12.016512      11.776546   5.94811748e+11   5.58671069e+11   6.34880721e+11   1.61958185e+10   1.59947971e+10   1.63922657e+10
A2029          12.016512      12.516408      12.266459   6.44820894e+11   6.06605607e+11   6.87410774e+11   1.79990815e+10   1.77843548e+10   1.82119096e+10
A2029          12.516408      13.037100      12.776753   6.98972373e+11   6.58463195e+11   7.44088928e+11   1.99824138e+10   1.97497201e+10   2.02097418e+10
A2029          13.037100      13.579453      13.308276   7.57499429e+11   7.14724803e+11   8.05124637e+11   2.21566730e+10   2.19098501e+10   2.24027607e+10
A2029          13.579453      14.144368      13.861911   8.20703265e+11   7.75443055e+11   8.70897615e+11   2.45406351e+10   2.42757857e+10   2.48014991e+10
A2029          14.144368      14.732784      14.438577   8.88860770e+11   8.41062810e+11   9.41867401e+11   2.71493714e+10   2.68653138e+10   2.74261320e+10
A2029          14.732784      15.345679      15.039232   9.62524348e+11   9.11990456e+11   1.01840939e+12   2.99956285e+10   2.96948634e+10   3.02916813e+10
A2029          15.345679      15.984071      15.664875   1.04195968e+12   9.88530213e+11   1.10092970e+12   3.31012485e+10   3.27837798e+10   3.34143857e+10
A2029          15.984071      16.649021      16.316545   1.12765593e+12   1.07134504e+12   1.18979546e+12   3.64782141e+10   3.61507389e+10   3.68068977e+10
A2029          16.649021      17.341633      16.995327   1.21999380e+12   1.16063103e+12   1.28552862e+12   4.01531167e+10   3.98165402e+10   4.05002445e+10
A2029          17.341633      18.063057      17.702345   1.31952633e+12   1.25719989e+12   1.38827963e+12   4.41423217e+10   4.37909053e+10   4.45013647e+10
A2029          18.063057      18.814495      18.438776   1.42674048e+12   1.36145784e+12   1.49912158e+12   4.84684595e+10   4.81107927e+10   4.88418222e+10
A2029          18.814495      19.597191      19.205843   1.54240916e+12   1.47354511e+12   1.61867340e+12   5.31541729e+10   5.27888794e+10   5.35448494e+10
A2029          19.597191      20.412449      20.004820   1.66701590e+12   1.59464253e+12   1.74727941e+12   5.82305014e+10   5.78552791e+10   5.86275021e+10
A2029          20.412449      21.261623      20.837036   1.80105301e+12   1.72518369e+12   1.88527542e+12   6.37267763e+10   6.33393234e+10   6.41331323e+10
A2029          21.261623      22.146122      21.703873   1.94563159e+12   1.86583784e+12   2.03393663e+12   6.96734925e+10   6.92832666e+10   7.00968059e+10
A2029          22.146122      23.067417      22.606770   2.10102701e+12   2.01748985e+12   2.19328414e+12   7.61205146e+10   7.57040824e+10   7.65588767e+10
A2029          23.067417      24.027039      23.547228   2.26808876e+12   2.18037459e+12   2.36437373e+12   8.31082168e+10   8.26542899e+10   8.35678290e+10
A2029          24.027039      25.026583      24.526812   2.44781259e+12   2.35565797e+12   2.54821610e+12   9.06839081e+10   9.01943951e+10   9.11787704e+10
A2029          25.026583      26.067707      25.547144   2.64062632e+12   2.54468057e+12   2.74575524e+12   9.89223076e+10   9.83848632e+10   9.94645852e+10
A2029          26.067707      27.152143      26.609924   2.84779033e+12   2.74768986e+12   2.95816921e+12   1.07872379e+11   1.07280835e+11   1.08481954e+11
A2029          27.152143      28.281693      27.716919   3.07064393e+12   2.96603720e+12   3.18560010e+12   1.17631230e+11   1.16970725e+11   1.18305358e+11
A2029          28.281693      29.458233      28.869963   3.30963904e+12   3.20071008e+12   3.42956756e+12   1.28286286e+11   1.27553430e+11   1.29037558e+11
A2029          29.458233      30.683718      30.070974   3.56566119e+12   3.45264672e+12   3.69099355e+12   1.39921064e+11   1.39113382e+11   1.40764512e+11
A2029          30.683718      31.960182      31.321951   3.84122198e+12   3.72378200e+12   3.97211940e+12   1.52652186e+11   1.51782769e+11   1.53610306e+11
A2029          31.960182      33.289749      32.624966   4.13672145e+12   4.01474506e+12   4.27198880e+12   1.66617727e+11   1.65658935e+11   1.67649100e+11
A2029          33.289749      34.674629      33.982189   4.45381555e+12   4.32700811e+12   4.59399496e+12   1.81940781e+11   1.80883522e+11   1.83067312e+11
A2029          34.674629      36.117119      35.395874   4.79344512e+12   4.66212513e+12   4.93891984e+12   1.98768591e+11   1.97624971e+11   1.99976223e+11
A2029          36.117119      37.619621      36.868370   5.15768687e+12   5.02195343e+12   5.30762433e+12   2.17256067e+11   2.16033165e+11   2.18544833e+11
A2029          37.619621      39.184624      38.402122   5.54742317e+12   5.40703510e+12   5.70171641e+12   2.37574291e+11   2.36268421e+11   2.38924382e+11
A2029          39.184624      40.814735      39.999680   5.96534572e+12   5.82012581e+12   6.12454367e+12   2.59894673e+11   2.58520023e+11   2.61303550e+11
A2029          40.814735      42.512657      41.663696   6.41189544e+12   6.26251006e+12   6.57594673e+12   2.84422701e+11   2.82975830e+11   2.85884252e+11
A2029          42.512657      44.281216      43.396938   6.88997794e+12   6.73429953e+12   7.05943516e+12   3.11356457e+11   3.09869871e+11   3.12881938e+11
A2029          44.281216      46.123348      45.202282   7.40045567e+12   7.24074077e+12   7.57673230e+12   3.40938883e+11   3.39380699e+11   3.42508274e+11
A2029          46.123348      48.042114      47.082733   7.94722461e+12   7.78368922e+12   8.12696522e+12   3.73413446e+11   3.71798114e+11   3.75014556e+11
A2029          48.042114      50.040703      49.041409   8.53203065e+12   8.36292837e+12   8.71580566e+12   4.09018139e+11   4.07334191e+11   4.10658177e+11
A2029          50.040703      52.122433      51.081570   9.15492517e+12   8.98255081e+12   9.34342348e+12   4.48039027e+11   4.46295638e+11   4.49689616e+11
A2029          52.122433      54.290768      53.206600   9.82142209e+12   9.64554444e+12   1.00136408e+13   4.90733634e+11   4.88978383e+11   4.92461228e+11
A2029          54.290768      56.549301      55.420033   1.05320672e+13   1.03522291e+13   1.07294344e+13   5.37462702e+11   5.35649583e+11   5.39237482e+11
A2029          56.549301      58.901794      57.725548   1.12914260e+13   1.11067833e+13   1.14916527e+13   5.88530254e+11   5.86697277e+11   5.90353990e+11
A2029          58.901794      61.352154      60.126976   1.21009236e+13   1.19143074e+13   1.23032494e+13   6.44264821e+11   6.42411135e+11   6.46156583e+11
A2029          61.352154      63.904449      62.628304   1.29644584e+13   1.27747846e+13   1.31703872e+13   7.05079083e+11   7.03115428e+11   7.07084419e+11
A2029          63.904449      66.562927      65.233688   1.38846971e+13   1.36916574e+13   1.40934308e+13   7.71322216e+11   7.69287258e+11   7.73444272e+11
A2029          66.562927      69.331993      67.947456   1.48653065e+13   1.46679718e+13   1.50777731e+13   8.43442946e+11   8.41320563e+11   8.45678313e+11
A2029          69.331993      72.216255      70.774124   1.59106109e+13   1.57084727e+13   1.61259874e+13   9.21864765e+11   9.19645389e+11   9.24172943e+11
A2029          72.216255      75.220505      73.718384   1.70211389e+13   1.68179102e+13   1.72393098e+13   1.00706124e+12   1.00470771e+12   1.00937112e+12
A2029          75.220505      78.349739      76.785118   1.82043594e+13   1.79972719e+13   1.84238159e+13   1.09949072e+12   1.09695939e+12   1.10182151e+12
A2029          78.349739      81.609146      79.979439   1.94630595e+13   1.92529522e+13   1.96828390e+13   1.19960030e+12   1.19695108e+12   1.20201544e+12
A2029          81.609146      85.004143      83.306648   2.08006420e+13   2.05871309e+13   2.10220781e+13   1.30790667e+12   1.30511222e+12   1.31048092e+12
A2029          85.004143      88.540382      86.772263   2.22252855e+13   2.20070664e+13   2.24462562e+13   1.42493050e+12   1.42207943e+12   1.42768000e+12
A2029          88.540382      92.223732      90.382057   2.37347296e+13   2.35124608e+13   2.39624027e+13   1.55128326e+12   1.54838670e+12   1.55413604e+12
A2029          92.223732      96.060303      94.142014   2.53388286e+13   2.51143599e+13   2.55711636e+13   1.68753168e+12   1.68453525e+12   1.69053297e+12
A2029          96.060303     100.056488      98.058395   2.70427604e+13   2.68118199e+13   2.72780252e+13   1.83426325e+12   1.83106103e+12   1.83736572e+12
A2029         100.056488     104.218910     102.137703   2.88490227e+13   2.86112644e+13   2.90910026e+13   1.99198704e+12   1.98875598e+12   1.99526855e+12
A2029         104.218910     108.554497     106.386703   3.07686822e+13   3.05213546e+13   3.10138058e+13   2.16149734e+12   2.15809052e+12   2.16493864e+12
A2029         108.554497     113.070442     110.812469   3.28013804e+13   3.25448001e+13   3.30570588e+13   2.34334428e+12   2.33970152e+12   2.34707196e+12
A2029         113.070442     117.774261     115.422356   3.49555057e+13   3.46877371e+13   3.52184676e+13   2.53830365e+12   2.53437988e+12   2.54237894e+12
A2029         117.774261     122.673759     120.224014   3.72391029e+13   3.69572583e+13   3.75102563e+13   2.74716217e+12   2.74299984e+12   2.75143249e+12
A2029         122.673759     127.777084     125.225418   3.96558944e+13   3.93614920e+13   3.99391442e+13   2.97060847e+12   2.96616775e+12   2.97524029e+12
A2029         127.777084     133.092697     130.434891   4.22138201e+13   4.19031648e+13   4.25058024e+13   3.20951812e+12   3.20484095e+12   3.21445954e+12
A2029         133.092697     138.629456     135.861084   4.49152245e+13   4.45927538e+13   4.52314540e+13   3.46488675e+12   3.45992200e+12   3.47010341e+12
A2029         138.629456     144.396545     141.513000   4.77805633e+13   4.74350994e+13   4.81144970e+13   3.73768716e+12   3.73238609e+12   3.74315968e+12
A2029         144.396545     150.403549     147.400055   5.08012758e+13   5.04385273e+13   5.11610213e+13   4.02896480e+12   4.02336724e+12   4.03462685e+12
A2029         150.403549     156.660461     153.532013   5.39965553e+13   5.36116315e+13   5.43855099e+13   4.33978553e+12   4.33404799e+12   4.34567643e+12
A2029         156.660461     163.177643     159.919052   5.73716447e+13   5.69613956e+13   5.77934658e+13   4.67159220e+12   4.66564258e+12   4.67769911e+12
A2029         163.177643     169.965958     166.571808   6.09366982e+13   6.04877273e+13   6.13872755e+13   5.02562606e+12   5.01925387e+12   5.03213143e+12
A2029         169.965958     177.036682     173.501312   6.46929365e+13   6.42089138e+13   6.51869249e+13   5.40312076e+12   5.39651316e+12   5.41016615e+12
A2029         177.036682     184.401535     180.719101   6.86556268e+13   6.81350718e+13   6.91850361e+13   5.80585993e+12   5.79893671e+12   5.81331531e+12
A2029         184.401535     192.072784     188.237152   7.28319163e+13   7.22668429e+13   7.34057978e+13   6.23539284e+12   6.22794270e+12   6.24320053e+12
A2029         192.072784     200.063156     196.067963   7.72349876e+13   7.66206898e+13   7.78672538e+13   6.69333533e+12   6.68517532e+12   6.70145603e+12
A2029         200.063156     208.385925     204.224533   8.18699032e+13   8.12106006e+13   8.25544472e+13   7.18117850e+12   7.17253876e+12   7.18988588e+12
A2029         208.385925     217.054932     212.720428   8.67491287e+13   8.60403081e+13   8.74925104e+13   7.70079562e+12   7.69149056e+12   7.71013319e+12
A2029         217.054932     226.084595     221.569763   9.18790561e+13   9.11166323e+13   9.26876759e+13   8.25373439e+12   8.24397686e+12   8.26363609e+12
A2029         226.084595     235.489883     230.787231   9.72797090e+13   9.64543623e+13   9.81548338e+13   8.84203848e+12   8.83167855e+12   8.85243301e+12
A2029         235.489883     245.286438     240.388153   1.02953025e+14   1.02075820e+14   1.03896861e+14   9.46724143e+12   9.45605732e+12   9.47840877e+12
A2029         245.286438     255.490540     250.388489   1.08924473e+14   1.07978548e+14   1.09929185e+14   1.01310236e+13   1.01191285e+13   1.01430403e+13
A2029         255.490540     266.119141     260.804840   1.15191543e+14   1.14174936e+14   1.16265906e+14   1.08350847e+13   1.08224609e+13   1.08480986e+13
A2029         266.119141     277.189880     271.654510   1.21768673e+14   1.20679421e+14   1.22904012e+14   1.15814192e+13   1.15680865e+13   1.15953705e+13
A2029         277.189880     288.721191     282.955536   1.28666307e+14   1.27504686e+14   1.29870844e+14   1.23712108e+13   1.23571473e+13   1.23867968e+13
A2029         288.721191     300.732208     294.726715   1.35903998e+14   1.34657761e+14   1.37175543e+14   1.32070360e+13   1.31916953e+13   1.32234871e+13
A2029         300.732208     313.242889     306.987549   1.43480530e+14   1.42156740e+14   1.44835357e+14   1.40905430e+13   1.40736138e+13   1.41078949e+13
A2029         313.242889     326.274048     319.758484   1.51421018e+14   1.50004585e+14   1.52852115e+14   1.50232241e+13   1.50050796e+13   1.50420115e+13
A2029         326.274048     339.847290     333.060669   1.59735823e+14   1.58215120e+14   1.61235253e+14   1.60076640e+13   1.59881563e+13   1.60275586e+13
A2029         339.847290     353.985199     346.916229   1.68442309e+14   1.66831948e+14   1.70002624e+14   1.70462680e+13   1.70259393e+13   1.70673444e+13
A2029         353.985199     368.711243     361.348206   1.77525125e+14   1.75838377e+14   1.79174761e+14   1.81411219e+13   1.81196827e+13   1.81639724e+13
A2029         368.711243     384.049896     376.380585   1.87033075e+14   1.85242711e+14   1.88745827e+14   1.92960570e+13   1.92731939e+13   1.93203672e+13
A2029         384.049896     400.026672     392.038300   1.96959499e+14   1.95073187e+14   1.98781354e+14   2.05138795e+13   2.04893743e+13   2.05397374e+13
A2029         400.026672     416.668091     408.347382   2.07315555e+14   2.05360304e+14   2.09231815e+14   2.17979384e+13   2.17710235e+13   2.18247777e+13
A2029         416.668091     434.001801     425.334930   2.18141674e+14   2.16105256e+14   2.20138599e+14   2.31517297e+13   2.31227051e+13   2.31798232e+13
A2029         434.001801     452.056580     443.029205   2.29430677e+14   2.27303242e+14   2.31542140e+14   2.45793324e+13   2.45474200e+13   2.46092524e+13
A2029         452.056580     470.862488     461.459534   2.41201421e+14   2.38979966e+14   2.43414520e+14   2.60845842e+13   2.60508410e+13   2.61167755e+13
A2029         470.862488     490.450714     480.656616   2.53463234e+14   2.51138683e+14   2.55793069e+14   2.76727155e+13   2.76365123e+13   2.77073877e+13
A2029         490.450714     510.853851     500.652283   2.66244905e+14   2.63797747e+14   2.68676662e+14   2.93464713e+13   2.93079655e+13   2.93844424e+13
A2029         510.853851     532.105774     521.479797   2.79508570e+14   2.76990712e+14   2.82091908e+14   3.11115729e+13   3.10706260e+13   3.11511839e+13
A2029         532.105774     554.241760     543.173767   2.93344219e+14   2.90674998e+14   2.96018004e+14   3.29722291e+13   3.29278701e+13   3.30143671e+13
A2029         554.241760     577.298645     565.770203   3.07730045e+14   3.04953986e+14   3.10519156e+14   3.49317701e+13   3.48845108e+13   3.49770770e+13
A2029         577.298645     601.314697     589.306641   3.22674149e+14   3.19747497e+14   3.25593854e+14   3.69946253e+13   3.69439665e+13   3.70442691e+13
A2029         601.314697     626.329834     613.822266   3.38178645e+14   3.35154686e+14   3.41241024e+14   3.91660333e+13   3.91099596e+13   3.92188144e+13
A2029         626.329834     652.385620     639.357727   3.54252459e+14   3.51091061e+14   3.57552974e+14   4.14485190e+13   4.13876806e+13   4.15059348e+13
A2029         652.385620     679.525330     665.955505   3.70964378e+14   3.67565180e+14   3.74417230e+14   4.38456308e+13   4.37809588e+13   4.39077904e+13
A2029         679.525330     707.794128     693.659729   3.88287189e+14   3.84725722e+14   3.91988042e+14   4.63626285e+13   4.62924997e+13   4.64289823e+13
A2029         707.794128     737.238892     722.516479   4.06230556e+14   4.02458736e+14   4.10232291e+14   4.90027415e+13   4.89253566e+13   4.90770939e+13
A2029         737.238892     767.908569     752.573730   4.24827026e+14   4.20786771e+14   4.29103505e+14   5.17696567e+13   5.16875407e+13   5.18518861e+13
A2029         767.908569     799.854126     783.881348   4.44060762e+14   4.39756199e+14   4.48670839e+14   5.46690533e+13   5.45803312e+13   5.47579222e+13
A2029         799.854126     833.128662     816.491394   4.63942535e+14   4.59322056e+14   4.68933287e+14   5.77058384e+13   5.76065970e+13   5.78013553e+13
A2029         833.128662     867.787476     850.458069   4.84490867e+14   4.79530179e+14   4.89846959e+14   6.08847434e+13   6.07756873e+13   6.09877597e+13
A2029         867.787476     903.888062     885.837769   5.05742063e+14   5.00317385e+14   5.11559495e+14   6.42097024e+13   6.40923206e+13   6.43236448e+13
A2029         903.888062     941.490479     922.689270   5.27673609e+14   5.21722126e+14   5.34035697e+14   6.76864910e+13   6.75589002e+13   6.78121146e+13
A2029         941.490479     980.657227     961.073853   5.50413883e+14   5.43857314e+14   5.57276637e+14   7.13226128e+13   7.11864405e+13   7.14618721e+13
A2029         980.657227    1021.453308    1001.055237   5.73801457e+14   5.66481759e+14   5.81292752e+14   7.51215114e+13   7.49763884e+13   7.52743434e+13
A2029        1021.453308    1063.946533    1042.699951   5.97861796e+14   5.89849266e+14   6.06118603e+14   7.90921919e+13   7.89376905e+13   7.92574307e+13
A2029        1063.946533    1108.207520    1086.077026   6.22755762e+14   6.13818607e+14   6.31631245e+14   8.32392680e+13   8.30675196e+13   8.34198328e+13
A2029        1108.207520    1154.309814    1131.258667   6.48379672e+14   6.38477826e+14   6.58014290e+14   8.75678317e+13   8.73773432e+13   8.77635463e+13
A2029        1154.309814    1202.329956    1178.319824   6.74753791e+14   6.63786390e+14   6.85098018e+14   9.20808440e+13   9.18688807e+13   9.22957518e+13
A2029        1202.329956    1252.347778    1227.338867   7.01798998e+14   6.89659609e+14   7.13046645e+14   9.67823233e+13   9.65453619e+13   9.70192427e+13
A2029        1252.347778    1304.446411    1278.397095   7.29579786e+14   7.16244852e+14   7.41824201e+14   1.01671691e+14   1.01410528e+14   1.01941888e+14
A2029        1304.446411    1358.712280    1331.579346   7.58112261e+14   7.43438706e+14   7.71453570e+14   1.06758358e+14   1.06461477e+14   1.07057378e+14
A2029        1358.712280    1415.235718    1386.973999   7.87314414e+14   7.71449543e+14   8.01982600e+14   1.12036780e+14   1.11699097e+14   1.12375311e+14
A2029        1415.235718    1474.110596    1444.673218   8.17351939e+14   7.99863571e+14   8.33315863e+14   1.17504064e+14   1.17113675e+14   1.17887935e+14
A2029        1474.110596    1535.434814    1504.772705   8.48118065e+14   8.28907280e+14   8.65502214e+14   1.23163363e+14   1.22721745e+14   1.23587843e+14
A2029        1535.434814    1599.310059    1567.372437   8.79689095e+14   8.58560339e+14   8.98200538e+14   1.29012051e+14   1.28517493e+14   1.29491712e+14
A2029        1599.310059    1665.842529    1632.576294   9.12008388e+14   8.88786574e+14   9.32073401e+14   1.35043863e+14   1.34485115e+14   1.35591715e+14
A2029        1665.842529    1735.142822    1700.492676   9.45038230e+14   9.19794761e+14   9.66802037e+14   1.41263773e+14   1.40625643e+14   1.41874162e+14
A2029        1735.142822    1807.326050    1771.234497   9.78829691e+14   9.51286871e+14   1.00221505e+15   1.47667603e+14   1.46940243e+14   1.48337903e+14
A2029        1807.326050    1882.512207    1844.919067   1.01340941e+15   9.83349137e+14   1.03851209e+15   1.54233769e+14   1.53428379e+14   1.54975473e+14
A2029        1882.512207    1960.826172    1921.669189   1.04881887e+15   1.01595244e+15   1.07566657e+15   1.60970106e+14   1.60063533e+14   1.61803280e+14
A2029        1960.826172    2042.397949    2001.612061   1.08476808e+15   1.04887598e+15   1.11378971e+15   1.67870357e+14   1.66842820e+14   1.68800335e+14
A2029        2042.397949    2127.363281    2084.880615   1.12142677e+15   1.08276776e+15   1.15295471e+15   1.74916989e+14   1.73789376e+14   1.75976303e+14
A2029        2127.363281    2215.863281    2171.613281   1.15880056e+15   1.11686893e+15   1.19286100e+15   1.82120371e+14   1.80857801e+14   1.83305698e+14
A2029        2215.863281    2308.044678    2261.953857   1.19689008e+15   1.15150758e+15   1.23345246e+15   1.89468439e+14   1.88071920e+14   1.90811254e+14
A2029        2308.044678    2404.061035    2356.052979   1.23555727e+15   1.18647290e+15   1.27485716e+15   1.96935592e+14   1.95380294e+14   1.98458024e+14
A2029        2404.061035    2504.071777    2454.066406   1.27491742e+15   1.22237776e+15   1.31734458e+15   2.04530587e+14   2.02798356e+14   2.06279528e+14
A2029        2504.071777    2608.243164    2556.157471   1.31464990e+15   1.25888391e+15   1.36038459e+15   2.12248627e+14   2.10350033e+14   2.14261322e+14
A2029        2608.243164    2716.748047    2662.495605   1.35517224e+15   1.29570520e+15   1.40420909e+15   2.20088771e+14   2.17970177e+14   2.22409848e+14
A2029        2716.748047    2829.766846    2773.257324   1.39624474e+15   1.33255078e+15   1.44861771e+15   2.28041070e+14   2.25698619e+14   2.30714772e+14
A2029        2829.766846    2947.487305    2888.626953   1.43813182e+15   1.36999296e+15   1.49378412e+15   2.36100711e+14   2.33444844e+14   2.39269977e+14
A2029        2947.487305    3070.104980    3008.796143   1.48036973e+15   1.40711571e+15   1.54001381e+15   2.44229574e+14   2.41308023e+14   2.48056021e+14
A2029        3070.104980    3197.823730    3133.964355   1.52309687e+15   1.44537662e+15   1.58658427e+15   2.52504600e+14   2.49212525e+14   2.57051444e+14
A2029        3197.823730    3330.855469    3264.339600   1.56683897e+15   1.48352345e+15   1.63429264e+15   2.60830378e+14   2.57122898e+14   2.66238647e+14
A2029        3330.855469    3469.421631    3400.138428   1.61030578e+15   1.52183858e+15   1.68255653e+15   2.69296714e+14   2.65111470e+14   2.75577701e+14
A2142           0.000000       1.041808       0.520904   1.25423258e+09   1.01224013e+09   1.55404237e+09   3.77161775e+06   3.45097925e+06   4.29993300e+06
A2142           1.041808       1.085364       1.063586   1.38383667e+09   1.11880806e+09   1.71038694e+09   4.26414500e+06   3.90185700e+06   4.86074500e+06
A2142           1.085364       1.130742       1.108053   1.52633933e+09   1.23642394e+09   1.88216883e+09   4.82089050e+06   4.41166000e+06   5.49446500e+06
A2142           1.130742       1.178016       1.154379   1.68346893e+09   1.36635302e+09   2.07137728e+09   5.45012100e+06   4.98801600e+06   6.21076500e+06
A2142           1.178016       1.227267       1.202641   1.85596723e+09   1.50966528e+09   2.27856794e+09   6.16159300e+06   5.63966950e+06   7.02097950e+06
A2142           1.227267       1.278577       1.252922   2.04563238e+09   1.66760141e+09   2.50706099e+09   6.96625450e+06   6.37655350e+06   7.93657600e+06
A2142           1.278577       1.332032       1.305304   2.25449446e+09   1.84174758e+09   2.75810637e+09   7.87555350e+06   7.20973350e+06   8.97227900e+06
A2142           1.332032       1.387722       1.359877   2.48469581e+09   2.03369434e+09   3.03245133e+09   8.90381800e+06   8.15176900e+06   1.01423620e+07
A2142           1.387722       1.445740       1.416731   2.73814810e+09   2.24537062e+09   3.33408973e+09   1.00660640e+07   9.21687200e+06   1.14647420e+07
A2142           1.445740       1.506184       1.475962   3.01701043e+09   2.47873485e+09   3.66536397e+09   1.13803340e+07   1.04209880e+07   1.29592540e+07
A2142           1.506184       1.569155       1.537670   3.32325965e+09   2.73544090e+09   4.02773555e+09   1.28661270e+07   1.17815950e+07   1.46483000e+07
A2142           1.569155       1.634759       1.601957   3.65989299e+09   3.01899290e+09   4.42553549e+09   1.45457550e+07   1.33203630e+07   1.65578200e+07
A2142           1.634759       1.703105       1.668932   4.02873651e+09   3.33071642e+09   4.86238157e+09   1.64447870e+07   1.50602200e+07   1.87165940e+07
A2142           1.703105       1.774309       1.738707   4.43506534e+09   3.67484416e+09   5.34195968e+09   1.85919080e+07   1.70270700e+07   2.11558740e+07
A2142           1.774309       1.848490       1.811400   4.88138035e+09   4.05365043e+09   5.86568755e+09   2.10185020e+07   1.92501840e+07   2.39111160e+07
A2142           1.848490       1.925772       1.887131   5.37167821e+09   4.47004672e+09   6.44089088e+09   2.37581440e+07   2.17633020e+07   2.70241340e+07
A2142           1.925772       2.006285       1.966029   5.91136051e+09   4.92815616e+09   7.07144858e+09   2.68573240e+07   2.46042120e+07   3.05413340e+07
A2142           2.006285       2.090165       2.048225   6.50420787e+09   5.43232768e+09   7.76129741e+09   3.03619980e+07   2.78162940e+07   3.45149280e+07
A2142           2.090165       2.177551       2.133858   7.15414221e+09   5.98716365e+09   8.51849370e+09   3.43219320e+07   3.14474620e+07   3.90038240e+07
A2142           2.177551       2.268591       2.223071   7.86694093e+09   6.59706010e+09   9.34523699e+09   3.87965440e+07   3.55515400e+07   4.40744520e+07
A2142           2.268591       2.363437       2.316014   8.64898867e+09   7.26795930e+09   1.02511667e+10   4.38532880e+07   4.01917760e+07   4.98048960e+07
A2142           2.363437       2.462248       2.412842   9.50624461e+09   8.00503245e+09   1.12458516e+10   4.95717440e+07   4.54349880e+07   5.62796520e+07
A2142           2.462248       2.565190       2.513719   1.04466964e+10   8.81620070e+09   1.23344128e+10   5.60310560e+07   5.13649600e+07   6.35916240e+07
A2142           2.565190       2.672436       2.618813   1.14768640e+10   9.70645094e+09   1.35239158e+10   6.33305560e+07   5.80675600e+07   7.18478240e+07
A2142           2.672436       2.784167       2.728302   1.26077952e+10   1.06843556e+10   1.48238889e+10   7.15771600e+07   6.56441080e+07   8.11658960e+07
A2142           2.784167       2.900568       2.842367   1.38490952e+10   1.17585039e+10   1.62457201e+10   8.08903200e+07   7.42015520e+07   9.16831200e+07
A2142           2.900568       3.021836       2.961202   1.52094474e+10   1.29382595e+10   1.78003722e+10   9.14041520e+07   8.38786080e+07   1.03557744e+08
A2142           3.021836       3.148173       3.085004   1.66995497e+10   1.42332785e+10   1.95003269e+10   1.03286224e+08   9.48175280e+07   1.16962632e+08
A2142           3.148173       3.279793       3.213983   1.83354368e+10   1.56597094e+10   2.13601260e+10   1.16701584e+08   1.07175464e+08   1.32127088e+08
A2142           3.279793       3.416915       3.348354   2.01190072e+10   1.72194304e+10   2.33954324e+10   1.31859992e+08   1.21143856e+08   1.49260672e+08
A2142           3.416915       3.559771       3.488343   2.20743168e+10   1.89302477e+10   2.56175391e+10   1.48974656e+08   1.36911408e+08   1.68552816e+08
A2142           3.559771       3.708599       3.634185   2.42184090e+10   2.08122491e+10   2.80449679e+10   1.68303520e+08   1.54734688e+08   1.90332208e+08
A2142           3.708599       3.863649       3.786124   2.65649889e+10   2.28734710e+10   3.07001242e+10   1.90151872e+08   1.74885072e+08   2.14825728e+08
A2142           3.863649       4.025182       3.944415   2.91266376e+10   2.51331973e+10   3.35997215e+10   2.14795936e+08   1.97639328e+08   2.42393424e+08
A2142           4.025182       4.193468       4.109324   3.19328543e+10   2.76151685e+10   3.67668470e+10   2.42641824e+08   2.23338768e+08   2.73650528e+08
A2142           4.193468       4.368789       4.281128   3.50017946e+10   3.03381668e+10   4.02252513e+10   2.74015584e+08   2.52323440e+08   3.08921472e+08
A2142           4.368789       4.551441       4.460115   3.83626404e+10   3.33229056e+10   4.39974625e+10   3.09534336e+08   2.85113696e+08   3.48692352e+08
A2142           4.551441       4.741729       4.646585   4.20338975e+10   3.65866762e+10   4.81119396e+10   3.49517344e+08   3.22117472e+08   3.93295168e+08
A2142           4.741729       4.939972       4.840850   4.60440371e+10   4.01636803e+10   5.26058947e+10   3.94617376e+08   3.63912640e+08   4.43605408e+08
A2142           4.939972       5.146504       5.043238   5.04280760e+10   4.40889057e+10   5.75056568e+10   4.45479648e+08   4.11179616e+08   5.00134240e+08
A2142           5.146504       5.361670       5.254087   5.52290222e+10   4.83795558e+10   6.28439409e+10   5.02875296e+08   4.64574880e+08   5.63951488e+08
A2142           5.361670       5.585833       5.473752   6.04772925e+10   5.30665964e+10   6.86707261e+10   5.67545408e+08   5.24859392e+08   6.35321344e+08
A2142           5.585833       5.819367       5.702600   6.62099845e+10   5.81854044e+10   7.50017659e+10   6.40506304e+08   5.92737856e+08   7.16070656e+08
A2142           5.819367       6.062665       5.941016   7.24641137e+10   6.38077952e+10   8.19007816e+10   7.22676800e+08   6.69514112e+08   8.06637440e+08
A2142           6.062665       6.316134       6.189400   7.92730337e+10   6.99488256e+10   8.94252810e+10   8.15346752e+08   7.56044480e+08   9.08684224e+08
A2142           6.316134       6.580201       6.448168   8.67019325e+10   7.66876631e+10   9.76394568e+10   9.19621312e+08   8.53755264e+08   1.02317421e+09
A2142           6.580201       6.855308       6.717755   9.48205486e+10   8.40262533e+10   1.06598932e+11   1.03705293e+09   9.63970304e+08   1.15171123e+09
A2142           6.855308       7.141917       6.998612   1.03669957e+11   9.20421908e+10   1.16338999e+11   1.16972109e+09   1.08806810e+09   1.29590669e+09
A2142           7.141917       7.440508       7.291213   1.13338573e+11   1.00817388e+11   1.26934082e+11   1.31927910e+09   1.22839322e+09   1.45847155e+09
A2142           7.440508       7.751583       7.596045   1.23861058e+11   1.10400168e+11   1.38479452e+11   1.48726259e+09   1.38649382e+09   1.64094272e+09
A2142           7.751583       8.075664       7.913623   1.35330562e+11   1.20912536e+11   1.51018701e+11   1.67679130e+09   1.56529357e+09   1.84548518e+09
A2142           8.075664       8.413293       8.244478   1.47829588e+11   1.32318822e+11   1.64679631e+11   1.89013312e+09   1.76642125e+09   2.07470208e+09
A2142           8.413293       8.765038       8.589166   1.61433502e+11   1.44769204e+11   1.79532300e+11   2.12910362e+09   1.99345818e+09   2.33208499e+09
A2142           8.765038       9.131490       8.948264   1.76275063e+11   1.58341218e+11   1.95674489e+11   2.39832474e+09   2.24803789e+09   2.61948160e+09
A2142           9.131490       9.513262       9.322375   1.92457900e+11   1.73187957e+11   2.13203288e+11   2.69972659e+09   2.53548621e+09   2.94017382e+09
A2142           9.513262       9.910995       9.712129   2.10051645e+11   1.89436232e+11   2.32239776e+11   3.04012774e+09   2.85870541e+09   3.30180787e+09
A2142           9.910995      10.325356      10.118176   2.29150605e+11   2.07118008e+11   2.52947300e+11   3.42267827e+09   3.22405325e+09   3.70647501e+09
A2142          10.325356      10.757042      10.541200   2.49932546e+11   2.26385789e+11   2.75352486e+11   3.85269299e+09   3.63443123e+09   4.15832934e+09
A2142          10.757042      11.206776      10.981909   2.72586228e+11   2.47371923e+11   2.99778376e+11   4.33509376e+09   4.09787008e+09   4.66593434e+09
A2142          11.206776      11.675312      11.441044   2.97228829e+11   2.70207468e+11   3.26310330e+11   4.87681075e+09   4.61578650e+09   5.23065702e+09
A2142          11.675312      12.163437      11.919374   3.23989176e+11   2.95068107e+11   3.55077358e+11   5.48429619e+09   5.20108902e+09   5.86413466e+09
A2142          12.163437      12.671969      12.417703   3.53122910e+11   3.22156036e+11   3.86326921e+11   6.16509286e+09   5.85910221e+09   6.56960973e+09
A2142          12.671969      13.201762      12.936866   3.84821232e+11   3.51596773e+11   4.20153557e+11   6.92914586e+09   6.60005683e+09   7.36199117e+09
A2142          13.201762      13.753705      13.477734   4.19189522e+11   3.83700369e+11   4.56854929e+11   7.78451098e+09   7.42997146e+09   8.25243494e+09
A2142          13.753705      14.328724      14.041215   4.56453161e+11   4.18613723e+11   4.96652354e+11   8.74507571e+09   8.36426138e+09   9.24464947e+09
A2142          14.328724      14.927784      14.628254   4.97010246e+11   4.56582234e+11   5.39770126e+11   9.82321664e+09   9.41515469e+09   1.03525253e+10
A2142          14.927784      15.551888      15.239837   5.41070393e+11   4.97845076e+11   5.86536845e+11   1.10324306e+10   1.05917061e+10   1.15905587e+10
A2142          15.551888      16.202087      15.876987   5.88818022e+11   5.42769807e+11   6.37268787e+11   1.23839805e+10   1.19168092e+10   1.29727212e+10
A2142          16.202087      16.879469      16.540777   6.40670958e+11   5.91736209e+11   6.92240908e+11   1.39042427e+10   1.34012160e+10   1.45159475e+10
A2142          16.879469      17.585171      17.232319   6.96865391e+11   6.44754309e+11   7.51572222e+11   1.56032184e+10   1.50721577e+10   1.62459556e+10
A2142          17.585171      18.320375      17.952772   7.57755412e+11   7.02102176e+11   8.15994896e+11   1.75065047e+10   1.69437051e+10   1.81761516e+10
A2142          18.320375      19.086319      18.703348   8.23804756e+11   7.64897067e+11   8.85669233e+11   1.96357202e+10   1.90345073e+10   2.03321057e+10
A2142          19.086319      19.884285      19.485302   8.95292670e+11   8.32747209e+11   9.60912687e+11   2.20204646e+10   2.13815112e+10   2.27439944e+10
A2142          19.884285      20.715614      20.299950   9.72714607e+11   9.06351215e+11   1.04220584e+12   2.46909665e+10   2.40103690e+10   2.54434755e+10
A2142          20.715614      21.581697      21.148655   1.05688288e+12   9.86105971e+11   1.13048106e+12   2.76764692e+10   2.69563965e+10   2.84605297e+10
A2142          21.581697      22.483992      22.032845   1.14775412e+12   1.07266566e+12   1.22585560e+12   3.10099190e+10   3.02569595e+10   3.18278533e+10
A2142          22.483992      23.424009      22.954000   1.24629811e+12   1.16642218e+12   1.32866690e+12   3.47451761e+10   3.39503493e+10   3.55913769e+10
A2142          23.424009      24.403326      23.913668   1.35274077e+12   1.26824926e+12   1.43997862e+12   3.89103534e+10   3.80781445e+10   3.97903053e+10
A2142          24.403326      25.423588      24.913458   1.46776182e+12   1.37826114e+12   1.56013874e+12   4.35551683e+10   4.26909819e+10   4.44790170e+10
A2142          25.423588      26.486506      25.955046   1.59213840e+12   1.49779880e+12   1.68986595e+12   4.87569039e+10   4.78488904e+10   4.97075610e+10
A2142          26.486506      27.593861      27.040182   1.72667162e+12   1.62713620e+12   1.82958922e+12   5.45446011e+10   5.36057651e+10   5.55563090e+10
A2142          27.593861      28.747513      28.170687   1.87215983e+12   1.76722883e+12   1.98068181e+12   6.10208727e+10   6.00113562e+10   6.20768215e+10
A2142          28.747513      29.949396      29.348454   2.02937572e+12   1.91851201e+12   2.14392780e+12   6.82387374e+10   6.71645327e+10   6.93210071e+10
A2142          29.949396      31.201529      30.575462   2.19889284e+12   2.08158707e+12   2.31944801e+12   7.62662994e+10   7.51414886e+10   7.73956239e+10
A2142          31.201529      32.506012      31.853771   2.38202520e+12   2.25812650e+12   2.50939834e+12   8.52016906e+10   8.39987937e+10   8.63876547e+10
A2142          32.506012      33.865032      33.185524   2.57997223e+12   2.44900771e+12   2.71369477e+12   9.51416832e+10   9.38653942e+10   9.63828122e+10
A2142          33.865032      35.280872      34.572952   2.79328378e+12   2.65538450e+12   2.93404987e+12   1.06187039e+11   1.04812954e+11   1.07491172e+11
A2142          35.280872      36.755905      36.018387   3.02363784e+12   2.87822211e+12   3.17128206e+12   1.18447112e+11   1.16979163e+11   1.19831069e+11
A2142          36.755905      38.292606      37.524254   3.27228981e+12   3.11924149e+12   3.42707379e+12   1.32054589e+11   1.30478105e+11   1.33533557e+11
A2142          38.292606      39.893555      39.093079   3.54016821e+12   3.37942807e+12   3.70279055e+12   1.47131810e+11   1.45453826e+11   1.48685799e+11
A2142          39.893555      41.561436      40.727493   3.82907528e+12   3.66031248e+12   3.99914697e+12   1.63802366e+11   1.62026537e+11   1.65473993e+11
A2142          41.561436      43.299049      42.430241   4.14022238e+12   3.96279782e+12   4.31852225e+12   1.82221783e+11   1.80338000e+11   1.84042144e+11
A2142          43.299049      45.109306      44.204178   4.47393405e+12   4.28934772e+12   4.66145824e+12   2.02568368e+11   2.00541815e+11   2.04508463e+11
A2142          45.109306      46.995251      46.052277   4.83499914e+12   4.64110800e+12   5.03068492e+12   2.24999195e+11   2.22848418e+11   2.27059171e+11
A2142          46.995251      48.960041      47.977646   5.22258271e+12   5.01986152e+12   5.42691086e+12   2.49734463e+11   2.47415194e+11   2.51903115e+11
A2142          48.960041      51.006977      49.983509   5.64010156e+12   5.42846537e+12   5.85273233e+12   2.76931576e+11   2.74426053e+11   2.79261708e+11
A2142          51.006977      53.139492      52.073235   6.08917887e+12   5.86896638e+12   6.30952296e+12   3.06802229e+11   3.04157032e+11   3.09285650e+11
A2142          53.139492      55.361160      54.250324   6.57059584e+12   6.34207601e+12   6.80166792e+12   3.39547980e+11   3.36755098e+11   3.42220767e+11
A2142          55.361160      57.675716      56.518440   7.08899766e+12   6.85164515e+12   7.32830053e+12   3.75424025e+11   3.72454982e+11   3.78252427e+11
A2142          57.675716      60.087040      58.881378   7.64589900e+12   7.39959688e+12   7.89443405e+12   4.14693032e+11   4.11500970e+11   4.17687831e+11
A2142          60.087040      62.599174      61.343109   8.24479737e+12   7.98776885e+12   8.50232974e+12   4.57594536e+11   4.54151668e+11   4.60784173e+11
A2142          62.599174      65.216339      63.907757   8.88813807e+12   8.62160526e+12   9.15432224e+12   5.04332911e+11   5.00699988e+11   5.07759591e+11
A2142          65.216339      67.942924      66.579636   9.57814407e+12   9.30247344e+12   9.85466824e+12   5.55240522e+11   5.51402340e+11   5.58912045e+11
A2142          67.942924      70.783501      69.363213   1.03198323e+13   1.00337084e+13   1.06051446e+13   6.10701935e+11   6.06629986e+11   6.14692749e+11
A2142          70.783501      73.742836      72.263168   1.11145617e+13   1.08190677e+13   1.14072234e+13   6.70931091e+11   6.66560496e+11   6.75215049e+11
A2142          73.742836      76.825897      75.284370   1.19650963e+13   1.16593787e+13   1.22673368e+13   7.36364593e+11   7.31689648e+11   7.40894048e+11
A2142          76.825897      80.037857      78.431877   1.28775367e+13   1.25639485e+13   1.31926904e+13   8.07287521e+11   8.02356593e+11   8.12155535e+11
A2142          80.037857      83.384109      81.710983   1.38536697e+13   1.35337523e+13   1.41799761e+13   8.84256866e+11   8.78943797e+11   8.89450922e+11
A2142          83.384109      86.870255      85.127182   1.48995383e+13   1.45733693e+13   1.52347712e+13   9.67557972e+11   9.61864270e+11   9.73104349e+11
A2142          86.870255      90.502151      88.686203   1.60193053e+13   1.56862975e+13   1.63665936e+13   1.05784581e+12   1.05166412e+12   1.06382472e+12
A2142          90.502151      94.285889      92.394020   1.72169835e+13   1.68784801e+13   1.75718814e+13   1.15558305e+12   1.14894858e+12   1.16212721e+12
A2142          94.285889      98.227821      96.256851   1.85014105e+13   1.81524675e+13   1.88616530e+13   1.26133626e+12   1.25417764e+12   1.26856816e+12
A2142          98.227821     102.334557     100.281189   1.98754120e+13   1.95159812e+13   2.02418076e+13   1.37594693e+12   1.36823230e+12   1.38376695e+12
A2142         102.334557     106.612991     104.473770   2.13388446e+13   2.09772830e+13   2.17146752e+13   1.50022468e+12   1.49195706e+12   1.50869154e+12
A2142         106.612991     111.070297     108.841644   2.29071976e+13   2.25378388e+13   2.32895986e+13   1.63502018e+12   1.62615106e+12   1.64407673e+12
A2142         111.070297     115.713959     113.392128   2.45798546e+13   2.42044476e+13   2.49695788e+13   1.78128762e+12   1.77167768e+12   1.79081052e+12
A2142         115.713959     120.551758     118.132858   2.63673998e+13   2.59835099e+13   2.67600769e+13   1.93995250e+12   1.92979193e+12   1.94987924e+12
A2142         120.551758     125.591820     123.071793   2.82745918e+13   2.78863041e+13   2.86741307e+13   2.11239803e+12   2.10151945e+12   2.12290463e+12
A2142         125.591820     130.842606     128.217209   3.03092927e+13   2.99149380e+13   3.07154439e+13   2.29973688e+12   2.28817581e+12   2.31064234e+12
A2142         130.842606     136.312912     133.577759   3.24840855e+13   3.20832694e+13   3.28970881e+13   2.50332971e+12   2.49103227e+12   2.51486431e+12
A2142         136.312912     142.011917     139.162415   3.48007883e+13   3.43893564e+13   3.52175239e+13   2.72479001e+12   2.71159656e+12   2.73690971e+12
A2142         142.011917     147.949188     144.980545   3.72694319e+13   3.68449767e+13   3.76905652e+13   2.96534409e+12   2.95164550e+12   2.97828378e+12
A2142         147.949188     154.134689     151.041946   3.98981197e+13   3.94653724e+13   4.03214340e+13   3.22698976e+12   3.21261666e+12   3.24075363e+12
A2142         154.134689     160.578796     157.356750   4.26985516e+13   4.22530284e+13   4.31284803e+13   3.51110090e+12   3.49589026e+12   3.52550493e+12
A2142         160.578796     167.292328     163.935562   4.56789275e+13   4.52220168e+13   4.61183648e+13   3.81975082e+12   3.80329656e+12   3.83479841e+12
A2142         167.292328     174.286530     170.789429   4.88462185e+13   4.83769430e+13   4.92976053e+13   4.15436898e+12   4.13703104e+12   4.17021061e+12
A2142         174.286530     181.573151     177.929840   5.22126130e+13   5.17349027e+13   5.26798039e+13   4.51649837e+12   4.49851215e+12   4.53350890e+12
A2142         181.573151     189.164413     185.368774   5.57962976e+13   5.53036682e+13   5.62806559e+13   4.90831138e+12   4.88956337e+12   4.92632382e+12
A2142         189.164413     197.073059     193.118729   5.95996589e+13   5.90904914e+13   6.01136290e+13   5.33156489e+12   5.31186267e+12   5.35045918e+12
A2142         197.073059     205.312347     201.192703   6.36471371e+13   6.31153246e+13   6.41830308e+13   5.78766504e+12   5.76731270e+12   5.80748575e+12
A2142         205.312347     213.896103     209.604218   6.79417982e+13   6.73859020e+13   6.84966250e+13   6.27865236e+12   6.25718329e+12   6.29955887e+12
A2142         213.896103     222.838730     218.367416   7.24891410e+13   7.19171302e+13   7.30880457e+13   6.80574425e+12   6.78365967e+12   6.82758924e+12
A2142         222.838730     232.155228     227.496979   7.73220613e+13   7.67217055e+13   7.79523226e+13   7.37054137e+12   7.34720688e+12   7.39335471e+12
A2142         232.155228     241.861252     237.008240   8.24424341e+13   8.18219288e+13   8.31153347e+13   7.97445875e+12   7.95063406e+12   7.99851047e+12
A2142         241.861252     251.973053     246.917145   8.78710631e+13   8.72050831e+13   8.85953103e+13   8.61914477e+12   8.59386937e+12   8.64490304e+12
A2142         251.973053     262.507599     257.240326   9.36365869e+13   9.29085144e+13   9.44105283e+13   9.30624727e+12   9.27897695e+12   9.33324390e+12
A2142         262.507599     273.482605     267.995117   9.97350043e+13   9.89554509e+13   1.00568673e+14   1.00366832e+13   1.00078631e+13   1.00655977e+13
A2142         273.482605     284.916443     279.199524   1.06180760e+14   1.05349684e+14   1.07074692e+14   1.08126022e+13   1.07820991e+13   1.08436977e+13
A2142         284.916443     296.828308     290.872375   1.12997385e+14   1.12114610e+14   1.13953561e+14   1.16355005e+13   1.16028195e+13   1.16689092e+13
A2142         296.828308     309.238190     303.033264   1.20210187e+14   1.19253911e+14   1.21243085e+14   1.25081580e+13   1.24720198e+13   1.25439689e+13
A2142         309.238190     322.166931     315.702545   1.27838091e+14   1.26799732e+14   1.28945949e+14   1.34319807e+13   1.33931184e+13   1.34709122e+13
A2142         322.166931     335.636169     328.901550   1.35889410e+14   1.34772601e+14   1.37078898e+14   1.44107152e+13   1.43687774e+13   1.44515950e+13
A2142         335.636169     349.668549     342.652344   1.44403998e+14   1.43197766e+14   1.45682237e+14   1.54475440e+13   1.54031620e+13   1.54905891e+13
A2142         349.668549     364.287567     356.978058   1.53384791e+14   1.52097442e+14   1.54763895e+14   1.65471742e+13   1.65005891e+13   1.65927316e+13
A2142         364.287567     379.517822     371.902710   1.62855312e+14   1.61485435e+14   1.64353584e+14   1.77140117e+13   1.76650348e+13   1.77618960e+13
A2142         379.517822     395.384827     387.451324   1.72850992e+14   1.71387583e+14   1.74466823e+14   1.89539046e+13   1.89027949e+13   1.90045592e+13
A2142         395.384827     411.915161     403.649994   1.83381615e+14   1.81824102e+14   1.85097320e+14   2.02742337e+13   2.02212324e+13   2.03268198e+13
A2142         411.915161     429.136658     420.525909   1.94485112e+14   1.92828110e+14   1.96309651e+14   2.16798960e+13   2.16231387e+13   2.17358480e+13
A2142         429.136658     447.078125     438.107391   2.06160846e+14   2.04415227e+14   2.08115996e+14   2.31807333e+13   2.31211553e+13   2.32390866e+13
A2142         447.078125     465.769684     456.423889   2.18459384e+14   2.16613421e+14   2.20520348e+14   2.47830329e+13   2.47201498e+13   2.48454106e+13
A2142         465.769684     485.242706     475.506195   2.31410120e+14   2.29450692e+14   2.33593373e+14   2.64965341e+13   2.64304276e+13   2.65623196e+13
A2142         485.242706     505.529877     495.386292   2.45031357e+14   2.42948634e+14   2.47329634e+14   2.83297532e+13   2.82587478e+13   2.83963147e+13
A2142         505.529877     526.665222     516.097534   2.59334957e+14   2.57131438e+14   2.61750843e+14   3.02894075e+13   3.02150635e+13   3.03601088e+13
A2142         526.665222     548.684204     537.674683   2.74355934e+14   2.72022106e+14   2.76908286e+14   3.23833257e+13   3.23046049e+13   3.24575796e+13
A2142         548.684204     571.623718     560.153992   2.90126584e+14   2.87681473e+14   2.92820200e+14   3.46192840e+13   3.45361151e+13   3.46982397e+13
A2142         571.623718     595.522339     583.573059   3.06687173e+14   3.04131332e+14   3.09479707e+14   3.70051740e+13   3.69185113e+13   3.70872104e+13
A2142         595.522339     620.420105     607.971252   3.24047095e+14   3.21369921e+14   3.26966264e+14   3.95449173e+13   3.94544546e+13   3.96318191e+13
A2142         620.420105     646.358826     633.389465   3.42276950e+14   3.39445358e+14   3.45276447e+14   4.22448244e+13   4.21492949e+13   4.23352326e+13
A2142         646.358826     673.381958     659.870422   3.61368549e+14   3.58405592e+14   3.64490118e+14   4.51066148e+13   4.50066729e+13   4.52033270e+13
A2142         673.381958     701.534912     687.458435   3.81368266e+14   3.78246395e+14   3.84578955e+14   4.81360054e+13   4.80302544e+13   4.82385854e+13
A2142         701.534912     730.864929     716.199890   4.02257779e+14   3.99019843e+14   4.05583660e+14   5.13343551e+13   5.12222455e+13   5.14432476e+13
A2142         730.864929     761.421082     746.143005   4.24192344e+14   4.20752814e+14   4.27635465e+14   5.47005399e+13   5.45843493e+13   5.48179762e+13
A2142         761.421082     793.254822     777.337952   4.47104451e+14   4.43430140e+14   4.50688501e+14   5.82374455e+13   5.81128872e+13   5.83621044e+13
A2142         793.254822     826.419434     809.837158   4.70999368e+14   4.67141615e+14   4.74819171e+14   6.19420058e+13   6.18128296e+13   6.20744367e+13
A2142         826.419434     860.970642     843.695068   4.95992151e+14   4.91878143e+14   4.99956037e+14   6.58151729e+13   6.56770167e+13   6.59565880e+13
A2142         860.970642     896.966370     878.968506   5.22020995e+14   5.17725860e+14   5.26225601e+14   6.98556843e+13   6.97125831e+13   7.00047499e+13
A2142         896.966370     934.466980     915.716675   5.49235720e+14   5.44680740e+14   5.53660442e+14   7.40625670e+13   7.39127465e+13   7.42194424e+13
A2142         934.466980     973.535461     954.001221   5.77611764e+14   5.72767309e+14   5.82341932e+14   7.84377294e+13   7.82750492e+13   7.86026495e+13
A2142         973.535461    1014.237305     993.886353   6.07132685e+14   6.02017311e+14   6.12302148e+14   8.29749178e+13   8.28014749e+13   8.31513050e+13
A2142        1014.237305    1056.640747    1035.439087   6.37915588e+14   6.32420781e+14   6.43525218e+14   8.76766571e+13   8.74899183e+13   8.78707779e+13
A2142        1056.640747    1100.817139    1078.729004   6.69911215e+14   6.63956713e+14   6.76069527e+14   9.25489032e+13   9.23480548e+13   9.27597676e+13
A2142        1100.817139    1146.840454    1123.828735   7.03284453e+14   6.96744493e+14   7.09995071e+14   9.75925789e+13   9.73698698e+13   9.78253041e+13
A2142        1146.840454    1194.787842    1170.814087   7.38035772e+14   7.30772110e+14   7.45335673e+14   1.02808120e+14   1.02556286e+14   1.03063512e+14
A2142        1194.787842    1244.739868    1219.763916   7.74125778e+14   7.66118147e+14   7.82174681e+14   1.08201073e+14   1.07924374e+14   1.08482318e+14
A2142        1244.739868    1296.780396    1270.760132   8.11544405e+14   8.02822468e+14   8.20483709e+14   1.13778859e+14   1.13474554e+14   1.14083869e+14
A2142        1296.780396    1350.996460    1323.888428   8.50387083e+14   8.40774543e+14   8.60193903e+14   1.19541128e+14   1.19212664e+14   1.19878183e+14
A2142        1350.996460    1407.479370    1379.237915   8.90703538e+14   8.80220932e+14   9.01576919e+14   1.25499330e+14   1.25140961e+14   1.25865116e+14
A2142        1407.479370    1466.323608    1436.901489   9.32528332e+14   9.20902930e+14   9.44855560e+14   1.31655394e+14   1.31273234e+14   1.32048233e+14
A2142        1466.323608    1527.628174    1496.975952   9.75899046e+14   9.62836038e+14   9.89541406e+14   1.38017113e+14   1.37606340e+14   1.38437064e+14
A2142        1527.628174    1591.495605    1559.561890   1.02072938e+15   1.00604650e+15   1.03603342e+15   1.44592238e+14   1.44140763e+14   1.45035912e+14
A2142        1591.495605    1658.033325    1624.764526   1.06713200e+15   1.05117338e+15   1.08420242e+15   1.51367700e+14   1.50894197e+14   1.51845230e+14
A2142        1658.033325    1727.352905    1692.693115   1.11530020e+15   1.09747521e+15   1.13437254e+15   1.58355595e+14   1.57838152e+14   1.58881091e+14
A2142        1727.352905    1799.570557    1763.461792   1.16497686e+15   1.14506674e+15   1.18601670e+15   1.65562366e+14   1.64998031e+14   1.66144216e+14
A2142        1799.570557    1874.807495    1837.189087   1.21622146e+15   1.19415445e+15   1.23989612e+15   1.72977291e+14   1.72353883e+14   1.73620765e+14
A2142        1874.807495    1953.190063    1913.998779   1.26937517e+15   1.24450825e+15   1.29525959e+15   1.80600875e+14   1.79887474e+14   1.81329258e+14
A2142        1953.190063    2034.849609    1994.019775   1.32411614e+15   1.29676082e+15   1.35260197e+15   1.88430684e+14   1.87627894e+14   1.89264193e+14
A2142        2034.849609    2119.923096    2077.386475   1.38049644e+15   1.35050871e+15   1.41211653e+15   1.96484369e+14   1.95539157e+14   1.97436543e+14
A2142        2119.923096    2208.553467    2164.238281   1.43866708e+15   1.40581662e+15   1.47335686e+15   2.04701144e+14   2.03616212e+14   2.05816360e+14
A2142        2208.553467    2300.889404    2254.721436   1.49842497e+15   1.46251555e+15   1.53710102e+15   2.13121545e+14   2.11880652e+14   2.14419733e+14
A2142        2300.889404    2397.085693    2348.987549   1.56008191e+15   1.52043601e+15   1.60282395e+15   2.21742971e+14   2.20290433e+14   2.23245404e+14
A2142        2397.085693    2497.303711    2447.194580   1.62356622e+15   1.57962562e+15   1.67074308e+15   2.30531162e+14   2.28854749e+14   2.32276865e+14
A2142        2497.303711    2601.711670    2549.507568   1.68860357e+15   1.64049108e+15   1.74038531e+15   2.39505680e+14   2.37604000e+14   2.41482087e+14
A2142        2601.711670    2710.484619    2656.098145   1.75552708e+15   1.70296863e+15   1.81226588e+15   2.48664111e+14   2.46452639e+14   2.50898467e+14
A2142        2710.484619    2823.805420    2767.145020   1.82435460e+15   1.76728375e+15   1.88651566e+15   2.57954478e+14   2.55479469e+14   2.60490773e+14
A2142        2823.805420    2941.864014    2882.834717   1.89503648e+15   1.83212514e+15   1.96271550e+15   2.67445399e+14   2.64585873e+14   2.70245701e+14
A2142        2941.864014    3064.858154    3003.361084   1.96740882e+15   1.89879739e+15   2.04109986e+15   2.77069414e+14   2.73819281e+14   2.80186906e+14
A2142        3064.858154    3192.994629    3128.926514   2.04148560e+15   1.96701181e+15   2.12145762e+15   2.86825466e+14   2.83098776e+14   2.90307879e+14
A2142        3192.994629    3326.488281    3259.741455   2.11733580e+15   2.03663256e+15   2.20448109e+15   2.96763181e+14   2.92560086e+14   3.00577481e+14
A2142        3326.488281    3465.563232    3396.025635   2.19478318e+15   2.10751629e+15   2.28960009e+15   3.06788977e+14   3.02152325e+14   3.11022708e+14
A2142        3465.563232    3610.452393    3538.007812   2.27406734e+15   2.17950343e+15   2.37703274e+15   3.16965298e+14   3.11859723e+14   3.21671072e+14
A2255           0.000000       1.041185       0.520593   6.43822150e+06   4.00345100e+06   1.21230770e+07   9.86848500e+05   6.86780938e+05   1.50915788e+06
A2255           1.041185       1.084067       1.062626   7.26348000e+06   4.51817300e+06   1.36636840e+07   1.11351588e+06   7.75006562e+05   1.70211525e+06
A2255           1.084067       1.128714       1.106391   8.19440100e+06   5.09905350e+06   1.53995320e+07   1.25644325e+06   8.74458812e+05   1.91944238e+06
A2255           1.128714       1.175201       1.151958   9.24527800e+06   5.75453500e+06   1.73552840e+07   1.41768362e+06   9.86669250e+05   2.16450550e+06
A2255           1.175201       1.223602       1.199401   1.04309970e+07   6.49424250e+06   1.95587000e+07   1.59954125e+06   1.11320012e+06   2.44142150e+06
A2255           1.223602       1.273996       1.248799   1.17686280e+07   7.32899050e+06   2.20406820e+07   1.80471050e+06   1.25623762e+06   2.75435100e+06
A2255           1.273996       1.326466       1.300231   1.32776070e+07   8.27098450e+06   2.48357880e+07   2.03617050e+06   1.41769588e+06   3.10720025e+06
A2255           1.326466       1.381097       1.353781   1.49798540e+07   9.33399300e+06   2.79842300e+07   2.29725350e+06   1.59989512e+06   3.50485525e+06
A2255           1.381097       1.437978       1.409537   1.69000120e+07   1.05335010e+07   3.15305060e+07   2.59127775e+06   1.80549562e+06   3.95183175e+06
A2255           1.437978       1.497201       1.467589   1.90621020e+07   1.18865910e+07   3.55246800e+07   2.92279900e+06   2.03749850e+06   4.45737600e+06
A2255           1.497201       1.558864       1.528032   2.15003540e+07   1.34140740e+07   4.00231000e+07   3.29677350e+06   2.29928825e+06   5.02803700e+06
A2255           1.558864       1.623066       1.590965   2.42499740e+07   1.51385100e+07   4.50891480e+07   3.71885900e+06   2.59475550e+06   5.67229600e+06
A2255           1.623066       1.689912       1.656489   2.73476260e+07   1.70837760e+07   5.07941560e+07   4.19469550e+06   2.92800475e+06   6.39880750e+06
A2255           1.689912       1.759512       1.724712   3.08393820e+07   1.92784740e+07   5.72183520e+07   4.73139700e+06   3.30364350e+06   7.21771450e+06
A2255           1.759512       1.831978       1.795745   3.47760560e+07   2.17550320e+07   6.44519920e+07   5.33743300e+06   3.72698200e+06   8.14075150e+06
A2255           1.831978       1.907428       1.869703   3.92146000e+07   2.45499780e+07   7.25966000e+07   6.02100450e+06   4.20459150e+06   9.17820200e+06
A2255           1.907428       1.985986       1.946707   4.42224520e+07   2.77038380e+07   8.17663520e+07   6.79284200e+06   4.74378650e+06   1.03461080e+07
A2255           1.985986       2.067780       2.026883   4.98685080e+07   3.12625940e+07   9.20872000e+07   7.66249800e+06   5.35064500e+06   1.16659620e+07
A2255           2.067780       2.152942       2.110361   5.62421800e+07   3.52781800e+07   1.03700824e+08   8.63974200e+06   6.03618300e+06   1.31487620e+07
A2255           2.152942       2.241611       2.197277   6.34377000e+07   3.98091840e+07   1.16772752e+08   9.74131700e+06   6.80884650e+06   1.48175260e+07
A2255           2.241611       2.333933       2.287772   7.15564640e+07   4.49217000e+07   1.31485136e+08   1.09865660e+07   7.67839600e+06   1.67000380e+07
A2255           2.333933       2.430056       2.381994   8.07125200e+07   5.06926280e+07   1.48042704e+08   1.23894660e+07   8.65840300e+06   1.88260680e+07
A2255           2.430056       2.530139       2.480098   9.10381040e+07   5.72061040e+07   1.66664784e+08   1.39649440e+07   9.76306400e+06   2.12202580e+07
A2255           2.530139       2.634343       2.582241   1.02682264e+08   6.45559560e+07   1.87588704e+08   1.57387110e+07   1.10087130e+07   2.39142300e+07
A2255           2.634343       2.742839       2.688591   1.15806744e+08   7.28494720e+07   2.11087040e+08   1.77431580e+07   1.24128190e+07   2.69524200e+07
A2255           2.742839       2.855804       2.799322   1.30587752e+08   8.22079120e+07   2.37538960e+08   2.00029960e+07   1.39949060e+07   3.03700120e+07
A2255           2.855804       2.973421       2.914613   1.47239008e+08   9.27682480e+07   2.67374800e+08   2.25517820e+07   1.57810040e+07   3.42128800e+07
A2255           2.973421       3.095882       3.034652   1.65986352e+08   1.04684136e+08   3.00996896e+08   2.54182460e+07   1.77884140e+07   3.85376040e+07
A2255           3.095882       3.223387       3.159635   1.87124464e+08   1.18129416e+08   3.38952928e+08   2.86395380e+07   2.00585220e+07   4.33908360e+07
A2255           3.223387       3.356143       3.289765   2.10994368e+08   1.33300160e+08   3.81445600e+08   3.22500480e+07   2.26197180e+07   4.88814240e+07
A2255           3.356143       3.494367       3.425255   2.37925520e+08   1.50417552e+08   4.29212288e+08   3.63369360e+07   2.54841080e+07   5.50382280e+07
A2255           3.494367       3.638283       3.566325   2.68248656e+08   1.69731104e+08   4.82961088e+08   4.09086320e+07   2.87134460e+07   6.19545080e+07
A2255           3.638283       3.788127       3.713205   3.02382656e+08   1.91522240e+08   5.43400896e+08   4.60586840e+07   3.23453560e+07   6.96652320e+07
A2255           3.788127       3.944142       3.866134   3.40846688e+08   2.16108352e+08   6.11474944e+08   5.18463200e+07   3.64548480e+07   7.82430640e+07
A2255           3.944142       4.106582       4.025362   3.84203744e+08   2.43847504e+08   6.88146496e+08   5.83992680e+07   4.10605040e+07   8.79177040e+07
A2255           4.106582       4.275713       4.191147   4.33021856e+08   2.75143488e+08   7.74342912e+08   6.57182440e+07   4.62813520e+07   9.87464240e+07
A2255           4.275713       4.451809       4.363761   4.88066816e+08   3.10451680e+08   8.70843392e+08   7.39166880e+07   5.21488720e+07   1.10855384e+08
A2255           4.451809       4.635158       4.543484   5.50109120e+08   3.50285760e+08   9.79096256e+08   8.31939680e+07   5.87708120e+07   1.24344392e+08
A2255           4.635158       4.826058       4.730608   6.19993472e+08   3.95195968e+08   1.10070861e+09   9.35921200e+07   6.61945160e+07   1.39446544e+08
A2255           4.826058       5.024821       4.925440   6.98733632e+08   4.45840608e+08   1.23754982e+09   1.05232616e+08   7.44824560e+07   1.56417472e+08
A2255           5.024821       5.231770       5.128295   7.87436800e+08   5.03004352e+08   1.39138586e+09   1.18353488e+08   8.38600640e+07   1.75438304e+08
A2255           5.231770       5.447241       5.339506   8.87357696e+08   5.67486976e+08   1.56499021e+09   1.33027992e+08   9.43836560e+07   1.96489008e+08
A2255           5.447241       5.671587       5.559414   9.99907968e+08   6.40223744e+08   1.75995251e+09   1.49269040e+08   1.06072920e+08   2.20128672e+08
A2255           5.671587       5.905173       5.788381   1.12653018e+09   7.22268992e+08   1.97844314e+09   1.67555104e+08   1.19287544e+08   2.46480192e+08
A2255           5.905173       6.148379       6.026776   1.26924109e+09   8.14811456e+08   2.22344474e+09   1.87935040e+08   1.34097728e+08   2.75993280e+08
A2255           6.148379       6.401602       6.274991   1.43012390e+09   9.19152960e+08   2.49861862e+09   2.10824848e+08   1.50938800e+08   3.08944672e+08
A2255           6.401602       6.665254       6.533428   1.61126797e+09   1.03663264e+09   2.80742656e+09   2.36483008e+08   1.69563040e+08   3.45322112e+08
A2255           6.665254       6.939764       6.802509   1.81469414e+09   1.16890854e+09   3.15406848e+09   2.64966112e+08   1.90370352e+08   3.85627936e+08
A2255           6.939764       7.225580       7.082672   2.04367142e+09   1.31801626e+09   3.54334106e+09   2.96928352e+08   2.13797984e+08   4.30673856e+08
A2255           7.225580       7.523168       7.374374   2.30138803e+09   1.48640026e+09   3.97985741e+09   3.32429024e+08   2.40163840e+08   4.79997856e+08
A2255           7.523168       7.833011       7.678090   2.59142630e+09   1.67627264e+09   4.47356621e+09   3.72054016e+08   2.69541088e+08   5.35421600e+08
A2255           7.833011       8.155616       7.994314   2.91799424e+09   1.89033587e+09   5.02241587e+09   4.16048064e+08   3.02228064e+08   5.96096896e+08
A2255           8.155616       8.491508       8.323562   3.28548608e+09   2.13186624e+09   5.63771290e+09   4.65448320e+08   3.38647168e+08   6.62875712e+08
A2255           8.491508       8.841232       8.666369   3.69898778e+09   2.40419891e+09   6.32912230e+09   5.19842656e+08   3.79254176e+08   7.36835264e+08
A2255           8.841232       9.205360       9.023296   4.16447386e+09   2.71100109e+09   7.10599270e+09   5.80603968e+08   4.24695104e+08   8.17170496e+08
A2255           9.205360       9.584486       9.394923   4.68959642e+09   3.05714432e+09   7.97277338e+09   6.47745280e+08   4.76670304e+08   9.05149440e+08
A2255           9.584486       9.979225       9.781856   5.28087040e+09   3.44726528e+09   8.94604186e+09   7.22206592e+08   5.34061152e+08   1.00524640e+09
A2255           9.979225      10.390223      10.184724   5.94625075e+09   3.88679706e+09   1.00402012e+10   8.04859136e+08   5.97471552e+08   1.11231373e+09
A2255          10.390223      10.818147      10.604185   6.69650176e+09   4.38216704e+09   1.12675328e+10   8.94636224e+08   6.68504896e+08   1.23102042e+09
A2255          10.818147      11.263695      11.040921   7.53923379e+09   4.94045389e+09   1.26371226e+10   9.95158144e+08   7.46956288e+08   1.36082867e+09
A2255          11.263695      11.727593      11.495645   8.48471194e+09   5.56961075e+09   1.41707366e+10   1.10740992e+09   8.35755968e+08   1.49971482e+09
A2255          11.727593      12.210597      11.969095   9.54790707e+09   6.27858995e+09   1.58924278e+10   1.22973670e+09   9.31131200e+08   1.65738176e+09
A2255          12.210597      12.713494      12.462046   1.07411159e+10   7.07746714e+09   1.78186936e+10   1.36558771e+09   1.03936032e+09   1.82326605e+09
A2255          12.713494      13.237103      12.975299   1.20860283e+10   7.97758106e+09   1.99732982e+10   1.51334131e+09   1.15932966e+09   2.00946906e+09
A2255          13.237103      13.782276      13.509689   1.35982449e+10   8.99168973e+09   2.23918264e+10   1.67840102e+09   1.29579123e+09   2.20945638e+09
A2255          13.782276      14.349903      14.066090   1.52923699e+10   1.01341491e+10   2.50853683e+10   1.85968922e+09   1.44388762e+09   2.42993203e+09
A2255          14.349903      14.940907      14.645406   1.71941642e+10   1.14211041e+10   2.80978924e+10   2.05997862e+09   1.60870426e+09   2.66564045e+09
A2255          14.940907      15.556253      15.248581   1.93325527e+10   1.28707195e+10   3.14668483e+10   2.28021274e+09   1.79350822e+09   2.93042790e+09
A2255          15.556253      16.196941      15.876597   2.17502679e+10   1.44984545e+10   3.52336241e+10   2.51959270e+09   1.99816282e+09   3.20710042e+09
A2255          16.196941      16.864017      16.530479   2.44657152e+10   1.63301775e+10   3.94817126e+10   2.78507981e+09   2.22201370e+09   3.51273190e+09
A2255          16.864017      17.558567      17.211292   2.75234755e+10   1.83919063e+10   4.42363617e+10   3.07654093e+09   2.46694374e+09   3.85511962e+09
A2255          17.558567      18.281721      17.920143   3.09438566e+10   2.07140618e+10   4.95287706e+10   3.39364429e+09   2.74735923e+09   4.22482586e+09
A2255          18.281721      19.034658      18.658190   3.47694244e+10   2.33376973e+10   5.54156687e+10   3.74436531e+09   3.05741158e+09   4.62964941e+09
A2255          19.034658      19.818605      19.426632   3.90488064e+10   2.62922875e+10   6.20029624e+10   4.13243110e+09   3.39892890e+09   5.06683494e+09
A2255          19.818605      20.634840      20.226723   4.38835036e+10   2.96187126e+10   6.94004122e+10   4.55607706e+09   3.77404006e+09   5.55483955e+09
A2255          20.634840      21.484692      21.059767   4.93174211e+10   3.33531689e+10   7.76786084e+10   5.02411827e+09   4.18789530e+09   6.07587379e+09
A2255          21.484692      22.369545      21.927118   5.54181222e+10   3.75459922e+10   8.69489050e+10   5.54362317e+09   4.65368371e+09   6.65302170e+09
A2255          22.369545      23.290840      22.830193   6.22647788e+10   4.22617088e+10   9.72611830e+10   6.11821005e+09   5.16049050e+09   7.27765760e+09
A2255          23.290840      24.250080      23.770460   6.99304919e+10   4.75732869e+10   1.08801016e+11   6.74813030e+09   5.73323110e+09   7.96513126e+09
A2255          24.250080      25.248825      24.749453   7.85447404e+10   5.35630684e+10   1.21674752e+11   7.44654643e+09   6.35775437e+09   8.71647437e+09
A2255          25.248825      26.288706      25.768764   8.81775821e+10   6.03022213e+10   1.36032428e+11   8.21190144e+09   7.05300838e+09   9.53622118e+09
A2255          26.288706      27.371412      26.830059   9.90057595e+10   6.78769459e+10   1.51979786e+11   9.06532454e+09   7.83199898e+09   1.04528087e+10
A2255          27.371412      28.498713      27.935062   1.11145288e+11   7.64000174e+10   1.69673392e+11   1.00099748e+10   8.69378150e+09   1.14661018e+10
A2255          28.498713      29.672440      29.085575   1.24717457e+11   8.59854602e+10   1.89474046e+11   1.10422784e+10   9.65868646e+09   1.25879122e+10
A2255          29.672440      30.894506      30.283472   1.39934319e+11   9.67666074e+10   2.11413271e+11   1.21910446e+10   1.07129651e+10   1.38288333e+10
A2255          30.894506      32.166904      31.530704   1.56957311e+11   1.08835021e+11   2.35969610e+11   1.34547692e+10   1.18929664e+10   1.51784704e+10
A2255          32.166904      33.491707      32.829308   1.75998304e+11   1.22373915e+11   2.63349240e+11   1.48518523e+10   1.32130918e+10   1.66872095e+10
A2255          33.491707      34.871071      34.181389   1.97330764e+11   1.37619014e+11   2.93812404e+11   1.63969495e+10   1.46745354e+10   1.83393894e+10
A2255          34.871071      36.307247      35.589161   2.21171253e+11   1.54781434e+11   3.28009712e+11   1.81361234e+10   1.62971269e+10   2.01544172e+10
A2255          36.307247      37.802570      37.054909   2.47963075e+11   1.74092894e+11   3.66119158e+11   2.00535777e+10   1.81146460e+10   2.21744210e+10
A2255          37.802570      39.359478      38.581024   2.77930508e+11   1.95714105e+11   4.07957111e+11   2.21959537e+10   2.01231524e+10   2.44387062e+10
A2255          39.359478      40.980511      40.169994   3.11449780e+11   2.20020998e+11   4.54723961e+11   2.45871575e+10   2.23761408e+10   2.69556613e+10
A2255          40.980511      42.668304      41.824406   3.48822077e+11   2.47264182e+11   5.06514932e+11   2.72422318e+10   2.49046057e+10   2.97759990e+10
A2255          42.668304      44.425610      43.546955   3.90691586e+11   2.77962654e+11   5.64224983e+11   3.01893304e+10   2.76958065e+10   3.28725914e+10
A2255          44.425610      46.255291      45.340450   4.37415543e+11   3.12308990e+11   6.28564754e+11   3.34532178e+10   3.08343685e+10   3.63321795e+10
A2255          46.255291      48.160328      47.207809   4.89497952e+11   3.50758928e+11   6.99529298e+11   3.70821120e+10   3.43239475e+10   4.01701601e+10
A2255          48.160328      50.143822      49.152073   5.47670327e+11   3.93969598e+11   7.77918415e+11   4.11577549e+10   3.82084710e+10   4.44644270e+10
A2255          50.143822      52.209007      51.176414   6.12748558e+11   4.42455949e+11   8.64998654e+11   4.56700068e+10   4.25744548e+10   4.91943977e+10
A2255          52.209007      54.359249      53.284130   6.85401768e+11   4.96939368e+11   9.62167767e+11   5.07175731e+10   4.74422067e+10   5.44659620e+10
A2255          54.359249      56.598053      55.478649   7.66702518e+11   5.57752189e+11   1.06986661e+12   5.63641385e+10   5.28610632e+10   6.03621499e+10
A2255          56.598053      58.929058      57.763554   8.57239716e+11   6.26159911e+11   1.18975326e+12   6.26291180e+10   5.89003244e+10   6.68902236e+10
A2255          58.929058      61.356068      60.142563   9.57942399e+11   7.02647370e+11   1.32260692e+12   6.96735744e+10   6.57039852e+10   7.42123684e+10
A2255          61.356068      63.883034      62.619549   1.07021972e+12   7.88285096e+11   1.46958857e+12   7.75151043e+10   7.32634235e+10   8.23948739e+10
A2255          63.883034      66.514069      65.198555   1.19497871e+12   8.84639597e+11   1.63234736e+12   8.63126487e+10   8.17744773e+10   9.14867405e+10
A2255          66.514069      69.253471      67.883774   1.33399026e+12   9.91847645e+11   1.81235548e+12   9.61074381e+10   9.12877322e+10   1.01636907e+11
A2255          69.253471      72.105698      70.679581   1.48936707e+12   1.11217069e+12   2.01176357e+12   1.07047182e+11   1.01953208e+11   1.12913719e+11
A2255          72.105698      75.075386      73.590538   1.66286511e+12   1.24700393e+12   2.23205707e+12   1.19307870e+11   1.13830347e+11   1.25523599e+11
A2255          75.075386      78.167389      76.621384   1.85404568e+12   1.39774879e+12   2.47508579e+12   1.32978426e+11   1.27007039e+11   1.39613618e+11
A2255          78.167389      81.386734      79.777061   2.06742946e+12   1.56594183e+12   2.74329869e+12   1.48241007e+11   1.41831160e+11   1.55310883e+11
A2255          81.386734      84.738670      83.062698   2.30358358e+12   1.75392358e+12   3.03731520e+12   1.65258674e+11   1.58438457e+11   1.72785680e+11
A2255          84.738670      88.228653      86.483658   2.56649383e+12   1.96473258e+12   3.36291457e+12   1.84252711e+11   1.76950051e+11   1.92364151e+11
A2255          88.228653      91.862373      90.045509   2.85800713e+12   2.19991323e+12   3.72134484e+12   2.05526270e+11   1.97648564e+11   2.14157115e+11
A2255          91.862373      95.645752      93.754059   3.18141288e+12   2.46226118e+12   4.11555018e+12   2.29282087e+11   2.20716368e+11   2.38492778e+11
A2255          95.645752      99.584946      97.615349   3.54098820e+12   2.75394488e+12   4.54909021e+12   2.55886754e+11   2.46550135e+11   2.65729343e+11
A2255          99.584946     103.686378     101.635658   3.93756987e+12   3.07932666e+12   5.02787526e+12   2.85432938e+11   2.75457442e+11   2.96140145e+11
A2255         103.686378     107.956726     105.821556   4.37857236e+12   3.44239007e+12   5.55243327e+12   3.18434902e+11   3.07673465e+11   3.29993978e+11
A2255         107.956726     112.402954     110.179840   4.86291957e+12   3.84567738e+12   6.12943423e+12   3.55387310e+11   3.43630250e+11   3.67809430e+11
A2255         112.402954     117.032303     114.717628   5.40205751e+12   4.29555869e+12   6.76252824e+12   3.96574032e+11   3.83891014e+11   4.09903858e+11
A2255         117.032303     121.852310     119.442307   5.99545505e+12   4.79503476e+12   7.45709817e+12   4.42586759e+11   4.28670419e+11   4.56736113e+11
A2255         121.852310     126.870827     124.361565   6.64860780e+12   5.35137092e+12   8.21747411e+12   4.93810549e+11   4.78921032e+11   5.08953821e+11
A2255         126.870827     132.096039     129.483429   7.37363362e+12   5.96804370e+12   9.04706864e+12   5.50864945e+11   5.34931472e+11   5.67145071e+11
A2255         132.096039     137.536453     134.816238   8.17132575e+12   6.65169376e+12   9.96978196e+12   6.14409634e+11   5.97222294e+11   6.31900537e+11
A2255         137.536453     143.200928     140.368683   9.04754784e+12   7.41250276e+12   1.09707883e+13   6.85187727e+11   6.66663059e+11   7.03869157e+11
A2255         143.200928     149.098694     146.149811   1.00150689e+13   8.25211853e+12   1.20642926e+13   7.63943518e+11   7.44032371e+11   7.83916925e+11
A2255         149.098694     155.239365     152.169022   1.10822267e+13   9.18661733e+12   1.32648020e+13   8.51411993e+11   8.30167974e+11   8.73118106e+11
A2255         155.239365     161.632935     158.436142   1.22578534e+13   1.02303248e+13   1.45812053e+13   9.48728758e+11   9.25804265e+11   9.72207817e+11
A2255         161.632935     168.289825     164.961380   1.35502097e+13   1.13797434e+13   1.60068671e+13   1.05692312e+12   1.03244025e+12   1.08182654e+12
A2255         168.289825     175.220901     171.755356   1.49658188e+13   1.26387130e+13   1.75566183e+13   1.17706850e+12   1.15102922e+12   1.20356523e+12
A2255         175.220901     182.437408     178.829147   1.65186529e+13   1.40296092e+13   1.92522203e+13   1.31049443e+12   1.28223255e+12   1.33885867e+12
A2255         182.437408     189.951141     186.194275   1.82277468e+13   1.55661611e+13   2.11165695e+13   1.45820733e+12   1.42763740e+12   1.48856622e+12
A2255         189.951141     197.774338     193.862747   2.00924337e+13   1.72787604e+13   2.31389476e+13   1.62193565e+12   1.58919007e+12   1.65417936e+12
A2255         197.774338     205.919724     201.847031   2.21279567e+13   1.91488055e+13   2.53136606e+13   1.80302198e+12   1.76789062e+12   1.83726362e+12
A2255         205.919724     214.400589     210.160156   2.43576340e+13   2.12140514e+13   2.76819933e+13   2.00306878e+12   1.96574197e+12   2.03941963e+12
A2255         214.400589     223.230728     218.815659   2.67892755e+13   2.34843066e+13   3.02456504e+13   2.22434637e+12   2.18459918e+12   2.26288783e+12
A2255         223.230728     232.424545     227.827637   2.94478770e+13   2.59616303e+13   3.30451365e+13   2.46851148e+12   2.42590574e+12   2.50925285e+12
A2255         232.424545     241.997009     237.210785   3.23244419e+13   2.86853022e+13   3.60794114e+13   2.73737187e+12   2.69300793e+12   2.78062904e+12
A2255         241.997009     251.963730     246.980377   3.54721475e+13   3.16725694e+13   3.93839022e+13   3.03394141e+12   2.98699588e+12   3.08046568e+12
A2255         251.963730     262.340912     257.152313   3.89014398e+13   3.49450829e+13   4.29402693e+13   3.36018067e+12   3.31000185e+12   3.40987924e+12
A2255         262.340912     273.145508     267.743225   4.26206676e+13   3.85227571e+13   4.67677269e+13   3.71867438e+12   3.66580623e+12   3.77073618e+12
A2255         273.145508     284.395081     278.770294   4.66667868e+13   4.24007979e+13   5.09439954e+13   4.11100119e+12   4.05545052e+12   4.16713671e+12
A2255         284.395081     296.107971     290.251526   5.10305155e+13   4.66250493e+13   5.53696866e+13   4.54170509e+12   4.48233472e+12   4.60098529e+12
A2255         296.107971     308.303253     302.205597   5.57632591e+13   5.12413128e+13   6.02035758e+13   5.01338394e+12   4.95096850e+12   5.07663876e+12
A2255         308.303253     321.000793     314.652008   6.08425487e+13   5.63139880e+13   6.54044373e+13   5.52924506e+12   5.46293521e+12   5.59603463e+12
A2255         321.000793     334.221313     327.611053   6.63552944e+13   6.17566469e+13   7.09444627e+13   6.09215159e+12   6.02239245e+12   6.16449075e+12
A2255         334.221313     347.986298     341.103790   7.22477169e+13   6.76418552e+13   7.69106421e+13   6.70589098e+12   6.63208067e+12   6.78323762e+12
A2255         347.986298     362.318207     355.152252   7.86367743e+13   7.39585064e+13   8.32717319e+13   7.37425962e+12   7.29542505e+12   7.45531349e+12
A2255         362.318207     377.240387     369.779297   8.54937987e+13   8.08070918e+13   9.01421277e+13   8.10147486e+12   8.01728365e+12   8.18687718e+12
A2255         377.240387     392.777130     385.008759   9.28775269e+13   8.81834464e+13   9.74833425e+13   8.89121040e+12   8.80262775e+12   8.98033097e+12
A2255         392.777130     408.953766     400.865448   1.00728165e+14   9.61643178e+13   1.05333796e+14   9.74630001e+12   9.65340037e+12   9.84042019e+12
A2255         408.953766     425.796631     417.375183   1.09167893e+14   1.04644940e+14   1.13731346e+14   1.06719210e+13   1.05731462e+13   1.07715714e+13
A2255         425.796631     443.333160     434.564911   1.18154609e+14   1.13750540e+14   1.22749477e+14   1.16728864e+13   1.15682123e+13   1.17786899e+13
A2255         443.333160     461.591980     452.462585   1.27762065e+14   1.23312840e+14   1.32355944e+14   1.27528212e+13   1.26412275e+13   1.28636997e+13
A2255         461.591980     480.602753     471.097351   1.37963913e+14   1.33561076e+14   1.42594206e+14   1.39162697e+13   1.37974168e+13   1.40342010e+13
A2255         480.602753     500.396515     490.499634   1.48836874e+14   1.44290601e+14   1.53564794e+14   1.51689689e+13   1.50402058e+13   1.52944907e+13
A2255         500.396515     521.005493     510.700989   1.60287911e+14   1.55689981e+14   1.65240847e+14   1.65144554e+13   1.63775041e+13   1.66468382e+13
A2255         521.005493     542.463257     531.734375   1.72580460e+14   1.67671480e+14   1.77693971e+14   1.79557420e+13   1.78104534e+13   1.80962198e+13
A2255         542.463257     564.804749     553.633972   1.85428485e+14   1.80092475e+14   1.90895979e+14   1.94992962e+13   1.93426285e+13   1.96503373e+13
A2255         564.804749     588.066345     576.435547   1.98921578e+14   1.93203064e+14   2.04920876e+14   2.11488573e+13   2.09836415e+13   2.13119549e+13
A2255         588.066345     612.286011     600.176208   2.13110909e+14   2.06850222e+14   2.19887478e+14   2.29110983e+13   2.27323559e+13   2.30851556e+13
A2255         612.286011     637.503174     624.894592   2.27992903e+14   2.21172059e+14   2.35681264e+14   2.47899305e+13   2.45978272e+13   2.49772124e+13
A2255         637.503174     663.758911     650.631042   2.43695304e+14   2.36003806e+14   2.52332919e+14   2.67879774e+13   2.65826117e+13   2.69890838e+13
A2255         663.758911     691.096008     677.427490   2.60049851e+14   2.51485149e+14   2.69616824e+14   2.89102721e+13   2.86905430e+13   2.91290994e+13
A2255         691.096008     719.559021     705.327515   2.77107331e+14   2.67698349e+14   2.87561516e+14   3.11623449e+13   3.09287599e+13   3.13994993e+13
A2255         719.559021     749.194214     734.376587   2.94709751e+14   2.84412399e+14   3.06251435e+14   3.35500322e+13   3.32983005e+13   3.38007006e+13
A2255         749.194214     780.049988     764.622131   3.12986682e+14   3.01780978e+14   3.25433799e+14   3.60753303e+13   3.58061315e+13   3.63419371e+13
A2255         780.049988     812.176575     796.113281   3.31869036e+14   3.19747632e+14   3.45249503e+14   3.87373544e+13   3.84528296e+13   3.90260148e+13
A2255         812.176575     845.626282     828.901428   3.51500560e+14   3.38330982e+14   3.65647645e+14   4.15487419e+13   4.12383508e+13   4.18522291e+13
A2255         845.626282     880.453613     863.039917   3.71504471e+14   3.57526164e+14   3.86639096e+14   4.45063637e+13   4.41760329e+13   4.48327938e+13
A2255         880.453613     916.715332     898.584473   3.91976734e+14   3.77295865e+14   4.08138998e+14   4.76152364e+13   4.72696509e+13   4.79595762e+13
A2255         916.715332     954.470520     935.592896   4.12900708e+14   3.97520665e+14   4.29904416e+14   5.08793234e+13   5.05076746e+13   5.12487787e+13
A2255         954.470520     993.780640     974.125549   4.34183478e+14   4.18259854e+14   4.52033564e+14   5.42963097e+13   5.39032656e+13   5.46943533e+13
A2255         993.780640    1034.709717    1014.245178   4.55662945e+14   4.39446223e+14   4.74135700e+14   5.78742733e+13   5.74568016e+13   5.82968158e+13
A2255        1034.709717    1077.324585    1056.017090   4.77632777e+14   4.60997899e+14   4.96498287e+14   6.16127361e+13   6.11630774e+13   6.20641523e+13
A2255        1077.324585    1121.694458    1099.509521   4.99666228e+14   4.82560614e+14   5.18976535e+14   6.55091103e+13   6.50302466e+13   6.59854952e+13
A2255        1121.694458    1167.891724    1144.793091   5.21909863e+14   5.04408341e+14   5.41575612e+14   6.95623557e+13   6.90536076e+13   7.00713764e+13
A2255        1167.891724    1215.991699    1191.941650   5.44373314e+14   5.26364583e+14   5.63876794e+14   7.37806511e+13   7.32286471e+13   7.43336114e+13
A2255        1215.991699    1266.072632    1241.032104   5.66563095e+14   5.48272574e+14   5.86208074e+14   7.81594374e+13   7.75645173e+13   7.87658414e+13
A2255        1266.072632    1318.216187    1292.144409   5.88562655e+14   5.69703320e+14   6.08645050e+14   8.27017512e+13   8.20497130e+13   8.33714137e+13
A2255        1318.216187    1372.507202    1345.361694   6.10062591e+14   5.90566258e+14   6.31133029e+14   8.74068375e+13   8.67064978e+13   8.81352287e+13
A2255        1372.507202    1429.034302    1400.770752   6.31469580e+14   6.10537050e+14   6.53726906e+14   9.22804761e+13   9.14975422e+13   9.30634856e+13
A2255        1429.034302    1487.889526    1458.461914   6.52608671e+14   6.30038349e+14   6.76007787e+14   9.73087168e+13   9.64400010e+13   9.81573839e+13
A2255        1487.889526    1549.168579    1518.529053   6.73499593e+14   6.48294913e+14   6.99130414e+14   1.02501911e+14   1.01539729e+14   1.03428114e+14
A2255        1549.168579    1612.971558    1581.070068   6.93695066e+14   6.65366603e+14   7.21208694e+14   1.07853658e+14   1.06792617e+14   1.08847146e+14
A2255        1612.971558    1679.402222    1646.186890   7.13413060e+14   6.81674728e+14   7.43898872e+14   1.13366375e+14   1.12223024e+14   1.14427165e+14
A2255        1679.402222    1748.568848    1713.985474   7.32670217e+14   6.96467602e+14   7.67096728e+14   1.19034364e+14   1.17811582e+14   1.20176381e+14
A2255        1748.568848    1820.584106    1784.576416   7.51457746e+14   7.09950511e+14   7.89810059e+14   1.24864355e+14   1.23550002e+14   1.26097094e+14
A2255        1820.584106    1895.565308    1858.074707   7.69058119e+14   7.22419606e+14   8.12266295e+14   1.30855003e+14   1.29461278e+14   1.32166588e+14
A2255        1895.565308    1973.634766    1934.600098   7.85753194e+14   7.32808595e+14   8.33899106e+14   1.36973453e+14   1.35536392e+14   1.38435394e+14
A2255        1973.634766    2054.919434    2014.277100   8.01436804e+14   7.42230680e+14   8.55885379e+14   1.43308093e+14   1.41772374e+14   1.44857083e+14
A2255        2054.919434    2139.551758    2097.235596   8.16864192e+14   7.50795717e+14   8.77208617e+14   1.49794467e+14   1.48169141e+14   1.51471769e+14
A2255        2139.551758    2227.669922    2183.610840   8.31025572e+14   7.58711342e+14   8.98221879e+14   1.56466464e+14   1.54700091e+14   1.58283638e+14
A2255        2227.669922    2319.416992    2273.543457   8.44514923e+14   7.65820184e+14   9.17615669e+14   1.63296485e+14   1.61343634e+14   1.65301782e+14
A2255        2319.416992    2414.942871    2367.179932   8.56192268e+14   7.71151916e+14   9.37069388e+14   1.70344896e+14   1.68140386e+14   1.72541335e+14
A2255        2414.942871    2514.402832    2464.672852   8.66809226e+14   7.76876235e+14   9.54714187e+14   1.77547925e+14   1.75048204e+14   1.80086754e+14
A2255        2514.402832    2617.959229    2566.181152   8.76953200e+14   7.81033226e+14   9.71799030e+14   1.84975266e+14   1.82027307e+14   1.87906547e+14
A2255        2617.959229    2725.780518    2671.869873   8.85952499e+14   7.83841329e+14   9.88244259e+14   1.92609922e+14   1.89146384e+14   1.95966204e+14
A2255        2725.780518    2838.042725    2781.911621   8.94234874e+14   7.85754335e+14   1.00405504e+15   2.00405523e+14   1.96354043e+14   2.04358487e+14
A2255        2838.042725    2954.928223    2896.485352   9.01908034e+14   7.88012347e+14   1.01953350e+15   2.08464861e+14   2.03704578e+14   2.13104433e+14
A2255        2954.928223    3076.627686    3015.777832   9.08282437e+14   7.89140715e+14   1.03424255e+15   2.16766530e+14   2.11196158e+14   2.22273131e+14
A2255        3076.627686    3203.339355    3139.983643   9.13748991e+14   7.90736564e+14   1.04867673e+15   2.25216978e+14   2.18674938e+14   2.31858290e+14
A2319           0.000000       1.041254       0.520627   7.25671360e+07   6.29281200e+07   8.41582480e+07   2.14285425e+06   1.78136125e+06   2.67793600e+06
A2319           1.041254       1.084209       1.062731   8.16424880e+07   7.08271280e+07   9.46219120e+07   2.41775225e+06   2.00993612e+06   3.02088550e+06
A2319           1.084209       1.128937       1.106573   9.18393520e+07   7.97125680e+07   1.06378568e+08   2.72806900e+06   2.26819800e+06   3.40778650e+06
A2319           1.128937       1.175510       1.152223   1.03302328e+08   8.97068480e+07   1.19586328e+08   3.07820600e+06   2.56009600e+06   3.84408075e+06
A2319           1.175510       1.224004       1.199757   1.16187504e+08   1.00952640e+08   1.34411968e+08   3.47289900e+06   2.88955200e+06   4.33496700e+06
A2319           1.224004       1.274498       1.249251   1.30670080e+08   1.13607408e+08   1.51089920e+08   3.91882750e+06   3.26102900e+06   4.89091850e+06
A2319           1.274498       1.327076       1.300787   1.46946640e+08   1.27838528e+08   1.69818640e+08   4.42177500e+06   3.67998775e+06   5.51494550e+06
A2319           1.327076       1.381823       1.354449   1.65237728e+08   1.43822976e+08   1.90847328e+08   4.98908650e+06   4.15263675e+06   6.21756850e+06
A2319           1.381823       1.438828       1.410325   1.85790800e+08   1.61794400e+08   2.14461312e+08   5.62869600e+06   4.68631850e+06   7.01278300e+06
A2319           1.438828       1.498185       1.468506   2.08878928e+08   1.82000032e+08   2.40969600e+08   6.34942900e+06   5.28848750e+06   7.90998600e+06
A2319           1.498185       1.559990       1.529088   2.34819520e+08   2.04713552e+08   2.70726400e+08   7.16187100e+06   5.96790300e+06   8.92130000e+06
A2319           1.559990       1.624346       1.592168   2.63953104e+08   2.30243904e+08   3.04129568e+08   8.07889650e+06   6.73443700e+06   1.00616320e+07
A2319           1.624346       1.691356       1.657851   2.96702720e+08   2.58937776e+08   3.41591904e+08   9.11348900e+06   7.59939600e+06   1.13444560e+07
A2319           1.691356       1.761131       1.726243   3.33451168e+08   2.91191552e+08   3.83631648e+08   1.02811630e+07   8.57322800e+06   1.27887230e+07
A2319           1.761131       1.833784       1.797457   3.74746112e+08   3.27461056e+08   4.30893504e+08   1.15949080e+07   9.67364700e+06   1.44163120e+07
A2319           1.833784       1.909434       1.871609   4.21080032e+08   3.68224224e+08   4.83936768e+08   1.30751350e+07   1.09152540e+07   1.62456450e+07
A2319           1.909434       1.988205       1.948820   4.73089504e+08   4.14026720e+08   5.43404800e+08   1.47437720e+07   1.23141120e+07   1.83062760e+07
A2319           1.988205       2.070226       2.029215   5.31495392e+08   4.65436672e+08   6.10141504e+08   1.66265540e+07   1.38901620e+07   2.06346860e+07
A2319           2.070226       2.155630       2.112928   5.97058112e+08   5.23243648e+08   6.85064512e+08   1.87521620e+07   1.56725780e+07   2.32487420e+07
A2319           2.155630       2.244558       2.200094   6.70679424e+08   5.88218048e+08   7.69087488e+08   2.11424400e+07   1.76823800e+07   2.61906080e+07
A2319           2.244558       2.337154       2.290856   7.53335104e+08   6.61192384e+08   8.63242048e+08   2.38316120e+07   1.99446440e+07   2.94959760e+07
A2319           2.337154       2.433570       2.385362   8.46078144e+08   7.43123072e+08   9.68908032e+08   2.68636920e+07   2.24953900e+07   3.32218720e+07
A2319           2.433570       2.533964       2.483767   9.50085952e+08   8.35111296e+08   1.08716262e+09   3.02863980e+07   2.53721740e+07   3.74204800e+07
A2319           2.533964       2.638499       2.586231   1.06671546e+09   9.38342144e+08   1.21963110e+09   3.41260680e+07   2.86168340e+07   4.21409760e+07
A2319           2.638499       2.747347       2.692923   1.19746214e+09   1.05409178e+09   1.36810880e+09   3.84537920e+07   3.22743660e+07   4.74414640e+07
A2319           2.747347       2.860685       2.804016   1.34419661e+09   1.18393037e+09   1.53466099e+09   4.33242880e+07   3.63955120e+07   5.33701240e+07
A2319           2.860685       2.978698       2.919692   1.50873344e+09   1.32970867e+09   1.72141299e+09   4.88005240e+07   4.10397480e+07   6.00167240e+07
A2319           2.978698       3.101581       3.040140   1.69327232e+09   1.49342643e+09   1.93052275e+09   5.49489400e+07   4.62721840e+07   6.75171280e+07
A2319           3.101581       3.229532       3.165557   1.90026662e+09   1.67724685e+09   2.16463232e+09   6.18711320e+07   5.21824280e+07   7.58592000e+07
A2319           3.229532       3.362762       3.296147   2.13223066e+09   1.88324787e+09   2.42681446e+09   6.96620080e+07   5.88255760e+07   8.53100640e+07
A2319           3.362762       3.501489       3.432126   2.39207757e+09   2.11430822e+09   2.72022374e+09   7.84421200e+07   6.63213440e+07   9.59010320e+07
A2319           3.501489       3.645938       3.573713   2.68304384e+09   2.37363507e+09   3.04910003e+09   8.82788240e+07   7.47266720e+07   1.07614816e+08
A2319           3.645938       3.796346       3.721142   3.00920115e+09   2.66465024e+09   3.41697126e+09   9.93444000e+07   8.42310000e+07   1.20945640e+08
A2319           3.796346       3.952959       3.874653   3.37464192e+09   2.99092710e+09   3.82848973e+09   1.11791792e+08   9.48848080e+07   1.35826896e+08
A2319           3.952959       4.116033       4.034496   3.78395750e+09   3.35682074e+09   4.28927386e+09   1.25749080e+08   1.06898184e+08   1.52577504e+08
A2319           4.116033       4.285835       4.200934   4.24272691e+09   3.76678630e+09   4.80394957e+09   1.41355312e+08   1.20405656e+08   1.71174592e+08
A2319           4.285835       4.462641       4.374238   4.75610624e+09   4.22561741e+09   5.38049126e+09   1.58871168e+08   1.35596592e+08   1.91943168e+08
A2319           4.462641       4.646741       4.554691   5.33058099e+09   4.73978880e+09   6.02534298e+09   1.78479984e+08   1.52638048e+08   2.15281568e+08
A2319           4.646741       4.838437       4.742589   5.97400832e+09   5.31566131e+09   6.74686054e+09   2.00576288e+08   1.71801312e+08   2.41215184e+08
A2319           4.838437       5.038040       4.938238   6.69411738e+09   5.96134861e+09   7.55156992e+09   2.25198816e+08   1.93390976e+08   2.70301248e+08
A2319           5.038040       5.245877       5.141958   7.49990554e+09   6.68467917e+09   8.45283277e+09   2.52892832e+08   2.17618176e+08   3.02734272e+08
A2319           5.245877       5.462289       5.354083   8.40103322e+09   7.49470413e+09   9.45938022e+09   2.83858112e+08   2.44924624e+08   3.38492384e+08
A2319           5.462289       5.687628       5.574958   9.40889088e+09   8.40165939e+09   1.05830461e+10   3.18361728e+08   2.75600512e+08   3.78379424e+08
A2319           5.687628       5.922264       5.804946   1.05376666e+10   9.41551309e+09   1.18393303e+10   3.57159776e+08   3.09942336e+08   4.22862656e+08
A2319           5.922264       6.166579       6.044421   1.17995151e+10   1.05518561e+10   1.32429742e+10   4.00425440e+08   3.48620224e+08   4.72810624e+08
A2319           6.166579       6.420972       6.293776   1.32087767e+10   1.18237010e+10   1.48126648e+10   4.49052224e+08   3.91966880e+08   5.27917920e+08
A2319           6.420972       6.685861       6.553417   1.47832320e+10   1.32467169e+10   1.65646275e+10   5.02855008e+08   4.40602848e+08   5.88923648e+08
A2319           6.685861       6.961678       6.823769   1.65425326e+10   1.48386161e+10   1.85199063e+10   5.63283840e+08   4.94716224e+08   6.56774528e+08
A2319           6.961678       7.248872       7.105275   1.85095803e+10   1.66190787e+10   2.07003075e+10   6.30888256e+08   5.55526720e+08   7.31997120e+08
A2319           7.248872       7.547915       7.398393   2.07059620e+10   1.86100408e+10   2.31328195e+10   7.06152960e+08   6.24202944e+08   8.15688384e+08
A2319           7.547915       7.859293       7.703604   2.31593636e+10   2.08348877e+10   2.58454630e+10   7.89757312e+08   7.00909312e+08   9.07918080e+08
A2319           7.859293       8.183518       8.021406   2.59011195e+10   2.33221386e+10   2.88738243e+10   8.82862592e+08   7.87001792e+08   1.01108774e+09
A2319           8.183518       8.521118       8.352318   2.89593651e+10   2.61033718e+10   3.22466550e+10   9.87511424e+08   8.83395648e+08   1.12530240e+09
A2319           8.521118       8.872645       8.696882   3.23741102e+10   2.92069499e+10   3.60119828e+10   1.10292403e+09   9.91049792e+08   1.25040973e+09
A2319           8.872645       9.238674       9.055660   3.61827615e+10   3.26745764e+10   4.02103788e+10   1.23227686e+09   1.11150656e+09   1.38941235e+09
A2319           9.238674       9.619803       9.429239   4.04297523e+10   3.65458227e+10   4.48809943e+10   1.37617882e+09   1.24582400e+09   1.54469427e+09
A2319           9.619803      10.016656       9.818230   4.51645850e+10   4.08722063e+10   5.00865720e+10   1.53660416e+09   1.39634112e+09   1.71649062e+09
A2319          10.016656      10.429879      10.223268   5.04425800e+10   4.56916623e+10   5.58927462e+10   1.71626368e+09   1.56588352e+09   1.90700416e+09
A2319          10.429879      10.860150      10.645015   5.63289743e+10   5.10817690e+10   6.23431967e+10   1.91602304e+09   1.75486976e+09   2.11863334e+09
A2319          10.860150      11.308171      11.084161   6.28810547e+10   5.70905477e+10   6.95386112e+10   2.13912653e+09   1.96603098e+09   2.35392051e+09
A2319          11.308171      11.774674      11.541423   7.01884826e+10   6.37956301e+10   7.75480197e+10   2.38893645e+09   2.20234010e+09   2.61286861e+09
A2319          11.774674      12.260423      12.017549   7.83277261e+10   7.12758477e+10   8.64447939e+10   2.66696934e+09   2.46763443e+09   2.90015539e+09
A2319          12.260423      12.766210      12.513316   8.73941156e+10   7.96018934e+10   9.63294659e+10   2.97271117e+09   2.76373555e+09   3.22145920e+09
A2319          12.766210      13.292863      13.029536   9.74701527e+10   8.88829133e+10   1.07321106e+11   3.31522842e+09   3.09498803e+09   3.57826381e+09
A2319          13.292863      13.841242      13.567052   1.08692103e+11   9.92284426e+10   1.19562174e+11   3.69765146e+09   3.46344678e+09   3.97408358e+09
A2319          13.841242      14.412244      14.126742   1.21197289e+11   1.10753702e+11   1.33138342e+11   4.12434739e+09   3.87613030e+09   4.41774387e+09
A2319          14.412244      15.006802      14.709522   1.35100318e+11   1.23589607e+11   1.48258947e+11   4.60182938e+09   4.33976115e+09   4.91383398e+09
A2319          15.006802      15.625887      15.316344   1.50550004e+11   1.37877209e+11   1.65051548e+11   5.13862861e+09   4.85913498e+09   5.46169907e+09
A2319          15.625887      16.270512      15.948199   1.67714832e+11   1.53770885e+11   1.83655449e+11   5.73870643e+09   5.43800781e+09   6.07363277e+09
A2319          16.270512      16.941730      16.606121   1.86800144e+11   1.71425104e+11   2.04264571e+11   6.40266394e+09   6.08690995e+09   6.75658547e+09
A2319          16.941730      17.640638      17.291183   2.08006873e+11   1.91135384e+11   2.27136831e+11   7.14822298e+09   6.80992768e+09   7.51442432e+09
A2319          17.640638      18.368380      18.004509   2.31550271e+11   2.13036401e+11   2.52503114e+11   7.98031104e+09   7.61960858e+09   8.36220467e+09
A2319          18.368380      19.126143      18.747261   2.57723695e+11   2.37309723e+11   2.80697602e+11   8.90663936e+09   8.52973670e+09   9.30889421e+09
A2319          19.126143      19.915165      19.520653   2.86720721e+11   2.64252654e+11   3.11877501e+11   9.94037862e+09   9.54561024e+09   1.03625073e+10
A2319          19.915165      20.736738      20.325953   3.18847123e+11   2.94183207e+11   3.46408616e+11   1.11005870e+10   1.06859459e+10   1.15405056e+10
A2319          20.736738      21.592205      21.164473   3.54461647e+11   3.27442301e+11   3.84679707e+11   1.23977144e+10   1.19589181e+10   1.28600443e+10
A2319          21.592205      22.482962      22.037584   3.93946563e+11   3.64326486e+11   4.27021140e+11   1.38489385e+10   1.33797325e+10   1.43309097e+10
A2319          22.482962      23.410467      22.946714   4.37796176e+11   4.05312930e+11   4.74009338e+11   1.54697912e+10   1.49730284e+10   1.59769293e+10
A2319          23.410467      24.376234      23.893351   4.86348947e+11   4.50803761e+11   5.25899825e+11   1.72799508e+10   1.67558543e+10   1.78195313e+10
A2319          24.376234      25.381844      24.879038   5.40088828e+11   5.01244232e+11   5.83210566e+11   1.93085399e+10   1.87541565e+10   1.98777139e+10
A2319          25.381844      26.428936      25.905390   5.99448682e+11   5.57149651e+11   6.46692798e+11   2.15722127e+10   2.09872118e+10   2.21738312e+10
A2319          26.428936      27.519226      26.974081   6.65147802e+11   6.19044667e+11   7.16800393e+11   2.41043558e+10   2.34835538e+10   2.47432724e+10
A2319          27.519226      28.654495      28.086861   7.37945649e+11   6.87634055e+11   7.94228490e+11   2.69300531e+10   2.62843126e+10   2.76082975e+10
A2319          28.654495      29.836597      29.245546   8.18414289e+11   7.63516355e+11   8.79682781e+11   3.00934902e+10   2.94053683e+10   3.08153733e+10
A2319          29.836597      31.067467      30.452032   9.07312890e+11   8.47426617e+11   9.74001930e+11   3.36261612e+10   3.28882852e+10   3.44007066e+10
A2319          31.067467      32.349113      31.708290   1.00561086e+12   9.40237062e+11   1.07807461e+12   3.75759421e+10   3.67776604e+10   3.83986442e+10
A2319          32.349113      33.683632      33.016373   1.11406049e+12   1.04269074e+12   1.19277853e+12   4.19898491e+10   4.11211899e+10   4.28695962e+10
A2319          33.683632      35.073204      34.378418   1.23379686e+12   1.15597692e+12   1.31918384e+12   4.69244314e+10   4.59774566e+10   4.78549893e+10
A2319          35.073204      36.520103      35.796654   1.36574481e+12   1.28134309e+12   1.45842477e+12   5.24162908e+10   5.14060984e+10   5.34313697e+10
A2319          36.520103      38.026691      37.273399   1.51122438e+12   1.41970217e+12   1.61182764e+12   5.85492316e+10   5.74806876e+10   5.96435886e+10
A2319          38.026691      39.595432      38.811062   1.67160159e+12   1.57218767e+12   1.78050367e+12   6.54013686e+10   6.42502656e+10   6.65740042e+10
A2319          39.595432      41.228889      40.412159   1.84854669e+12   1.74057469e+12   1.96589951e+12   7.30435420e+10   7.18134395e+10   7.42878331e+10
A2319          41.228889      42.929729      42.079308   2.04308021e+12   1.92608862e+12   2.16980049e+12   8.15562260e+10   8.02366341e+10   8.28899164e+10
A2319          42.929729      44.700737      43.815235   2.25698382e+12   2.13072111e+12   2.39379441e+12   9.10499758e+10   8.96423690e+10   9.24598600e+10
A2319          44.700737      46.544807      45.622772   2.49220012e+12   2.35568392e+12   2.63944169e+12   1.01623890e+11   1.00121911e+11   1.03127368e+11
A2319          46.544807      48.464951      47.504879   2.75112028e+12   2.60369285e+12   2.90912784e+12   1.13413489e+11   1.11787426e+11   1.15008496e+11
A2319          48.464951      50.464306      49.464630   3.03528175e+12   2.87650139e+12   3.20505328e+12   1.26525514e+11   1.24802097e+11   1.28237371e+11
A2319          50.464306      52.546146      51.505226   3.34712013e+12   3.17639046e+12   3.53029875e+12   1.41092717e+11   1.39267670e+11   1.42943617e+11
A2319          52.546146      54.713867      53.630005   3.68924243e+12   3.50567557e+12   3.88585305e+12   1.57309059e+11   1.55374535e+11   1.59285756e+11
A2319          54.713867      56.971012      55.842438   4.06415684e+12   3.86733467e+12   4.27626699e+12   1.75348695e+11   1.73266534e+11   1.77443734e+11
A2319          56.971012      59.321274      58.146145   4.47535697e+12   4.26362772e+12   4.70306259e+12   1.95350479e+11   1.93167360e+11   1.97575721e+11
A2319          59.321274      61.768494      60.544884   4.92621896e+12   4.69964476e+12   5.16952424e+12   2.17594724e+11   2.15296147e+11   2.19950350e+11
A2319          61.768494      64.316673      63.042583   5.41904601e+12   5.17662573e+12   5.68067726e+12   2.42297995e+11   2.39823405e+11   2.44805894e+11
A2319          64.316673      66.969971      65.643318   5.95941969e+12   5.70026571e+12   6.23822294e+12   2.69642531e+11   2.67076813e+11   2.72315548e+11
A2319          66.969971      69.732727      68.351349   6.54919074e+12   6.27260418e+12   6.84627119e+12   3.00007490e+11   2.97298067e+11   3.02818034e+11
A2319          69.732727      72.609451      71.171089   7.19444247e+12   6.89842107e+12   7.51054304e+12   3.33629653e+11   3.30748068e+11   3.36644014e+11
A2319          72.609451      75.604858      74.107155   7.89896338e+12   7.58302638e+12   8.23567686e+12   3.70872910e+11   3.67803269e+11   3.74028927e+11
A2319          75.604858      78.723839      77.164345   8.66751296e+12   8.33267696e+12   9.02630369e+12   4.12066873e+11   4.08831984e+11   4.15437455e+11
A2319          78.723839      81.971481      80.347656   9.50566545e+12   9.14974835e+12   9.88490917e+12   4.57634447e+11   4.54195282e+11   4.61156483e+11
A2319          81.971481      85.353104      83.662292   1.04199430e+13   1.00425206e+13   1.08207119e+13   5.08004106e+11   5.04347394e+11   5.11694111e+11
A2319          85.353104      88.874237      87.113670   1.14146180e+13   1.10161088e+13   1.18393479e+13   5.63606913e+11   5.59794684e+11   5.67504011e+11
A2319          88.874237      92.540619      90.707428   1.24977760e+13   1.20759266e+13   1.29460999e+13   6.25045078e+11   6.20938068e+11   6.29123777e+11
A2319          92.540619      96.358261      94.449440   1.36722608e+13   1.32291095e+13   1.41479620e+13   6.92719780e+11   6.88395977e+11   6.97010684e+11
A2319          96.358261     100.333389      98.345825   1.49518255e+13   1.44849607e+13   1.54533458e+13   7.67246991e+11   7.62686145e+11   7.71768320e+11
A2319         100.333389     104.472511     102.402946   1.63413764e+13   1.58484650e+13   1.68652198e+13   8.49290330e+11   8.44489949e+11   8.54123348e+11
A2319         104.472511     108.782379     106.627449   1.78473507e+13   1.73301993e+13   1.83991638e+13   9.39540611e+11   9.34461374e+11   9.44604119e+11
A2319         108.782379     113.270050     111.026215   1.94803191e+13   1.89378907e+13   2.00581872e+13   1.03872292e+12   1.03338135e+12   1.04416399e+12
A2319         113.270050     117.942856     115.606453   2.12498855e+13   2.06798355e+13   2.18516486e+13   1.14752553e+12   1.14184657e+12   1.15325980e+12
A2319         117.942856     122.808434     120.375641   2.31665398e+13   2.25722950e+13   2.37907068e+13   1.26675845e+12   1.26073294e+12   1.27283272e+12
A2319         122.808434     127.874725     125.341583   2.52357347e+13   2.46183100e+13   2.58846837e+13   1.39725072e+12   1.39091653e+12   1.40372699e+12
A2319         127.874725     133.150024     130.512375   2.74720935e+13   2.68324894e+13   2.81467431e+13   1.54000097e+12   1.53323504e+12   1.54694019e+12
A2319         133.150024     138.642960     135.896484   2.98886858e+13   2.92256712e+13   3.05797372e+13   1.69594375e+12   1.68874869e+12   1.70327081e+12
A2319         138.642960     144.362488     141.502716   3.24918785e+13   3.18109626e+13   3.32079594e+13   1.86596078e+12   1.85814496e+12   1.87372510e+12
A2319         144.362488     150.317963     147.340225   3.52950724e+13   3.45926586e+13   3.60338319e+13   2.05098910e+12   2.04276669e+12   2.05919158e+12
A2319         150.317963     156.519135     153.418549   3.83046491e+13   3.75948470e+13   3.90711959e+13   2.25233102e+12   2.24362680e+12   2.26086407e+12
A2319         156.519135     162.976120     159.747620   4.15523154e+13   4.08184506e+13   4.23351948e+13   2.47082359e+12   2.46151093e+12   2.47962744e+12
A2319         162.976120     169.699478     166.337799   4.50414353e+13   4.42930624e+13   4.58409661e+13   2.70754827e+12   2.69768694e+12   2.71701796e+12
A2319         169.699478     176.700195     173.199844   4.87843902e+13   4.80143286e+13   4.95898853e+13   2.96378198e+12   2.95335074e+12   2.97379063e+12
A2319         176.700195     183.989731     180.344971   5.28045216e+13   5.20062406e+13   5.36204521e+13   3.24071378e+12   3.22962090e+12   3.25134451e+12
A2319         183.989731     191.579971     187.784851   5.71091903e+13   5.62848418e+13   5.79281952e+13   3.53956476e+12   3.52772188e+12   3.55096933e+12
A2319         191.579971     199.483353     195.531662   6.17114113e+13   6.08667498e+13   6.25412544e+13   3.86183017e+12   3.84897149e+12   3.87376428e+12
A2319         199.483353     207.712769     203.598053   6.66200263e+13   6.57630083e+13   6.74771281e+13   4.20853554e+12   4.19486944e+12   4.22159922e+12
A2319         207.712769     216.281677     211.997223   7.18606497e+13   7.09978059e+13   7.27325029e+13   4.58161809e+12   4.56719702e+12   4.59557673e+12
A2319         216.281677     225.204086     220.742889   7.74496940e+13   7.65720862e+13   7.83193075e+13   4.98241477e+12   4.96710556e+12   4.99739473e+12
A2319         225.204086     234.494583     229.849335   8.34115532e+13   8.25138379e+13   8.42802020e+13   5.41279021e+12   5.39662746e+12   5.42875949e+12
A2319         234.494583     244.168335     239.331467   8.97450278e+13   8.88423129e+13   9.06288179e+13   5.87478493e+12   5.85730045e+12   5.89158364e+12
A2319         244.168335     254.241180     249.204758   9.64803418e+13   9.55544324e+13   9.73697691e+13   6.37040853e+12   6.35181623e+12   6.38853107e+12
A2319         254.241180     264.729553     259.485382   1.03617722e+14   1.02667578e+14   1.04549327e+14   6.90251314e+12   6.88240669e+12   6.92239257e+12
A2319         264.729553     275.650604     270.190094   1.11191142e+14   1.10221603e+14   1.12153231e+14   7.47357392e+12   7.45238272e+12   7.49535494e+12
A2319         275.650604     287.022217     281.336426   1.19213184e+14   1.18212700e+14   1.20203954e+14   8.08724201e+12   8.06461899e+12   8.11066458e+12
A2319         287.022217     298.862915     292.942566   1.27691576e+14   1.26638646e+14   1.28721168e+14   8.74691586e+12   8.72191413e+12   8.77151807e+12
A2319         298.862915     311.192108     305.027527   1.36650215e+14   1.35522106e+14   1.37721054e+14   9.45615484e+12   9.42919805e+12   9.48195610e+12
A2319         311.192108     324.029938     317.611023   1.46085696e+14   1.44879162e+14   1.47210860e+14   1.02194668e+13   1.01905680e+13   1.02465473e+13
A2319         324.029938     337.397339     330.713654   1.56029719e+14   1.54727807e+14   1.57215281e+14   1.10414224e+13   1.10106457e+13   1.10701891e+13
A2319         337.397339     351.316223     344.356781   1.66479241e+14   1.65086413e+14   1.67752396e+14   1.19268065e+13   1.18942356e+13   1.19581075e+13
A2319         351.316223     365.809296     358.562775   1.77445987e+14   1.75959609e+14   1.78825258e+14   1.28819994e+13   1.28473545e+13   1.29147286e+13
A2319         365.809296     380.900269     373.354797   1.88939504e+14   1.87348067e+14   1.90449235e+14   1.39116780e+13   1.38755713e+13   1.39474701e+13
A2319         380.900269     396.613800     388.757050   2.00975680e+14   1.99249237e+14   2.02603707e+14   1.50222353e+13   1.49839717e+13   1.50609173e+13
A2319         396.613800     412.975586     404.794678   2.13568859e+14   2.11709139e+14   2.15308556e+14   1.62203204e+13   1.61807629e+13   1.62616459e+13
A2319         412.975586     430.012329     421.493958   2.26701645e+14   2.24722336e+14   2.28574787e+14   1.75123171e+13   1.74697239e+13   1.75554020e+13
A2319         430.012329     447.751892     438.882111   2.40363919e+14   2.38246081e+14   2.42375775e+14   1.89040721e+13   1.88588994e+13   1.89496306e+13
A2319         447.751892     466.223297     456.987610   2.54603027e+14   2.52336878e+14   2.56735747e+14   2.04027514e+13   2.03540576e+13   2.04505539e+13
A2319         466.223297     485.456726     475.840027   2.69381288e+14   2.66983707e+14   2.71661916e+14   2.20139492e+13   2.19623425e+13   2.20647653e+13
A2319         485.456726     505.483582     495.470154   2.84701906e+14   2.82148146e+14   2.87144703e+14   2.37446806e+13   2.36887118e+13   2.37989129e+13
A2319         505.483582     526.336609     515.910095   3.00547383e+14   2.97839540e+14   3.03153958e+14   2.55999575e+13   2.55417280e+13   2.56587176e+13
A2319         526.336609     548.049927     537.193298   3.16897317e+14   3.14057001e+14   3.19679181e+14   2.75882715e+13   2.75265293e+13   2.76507331e+13
A2319         548.049927     570.658997     559.354492   3.33788920e+14   3.30789288e+14   3.36686278e+14   2.97139448e+13   2.96474169e+13   2.97801917e+13
A2319         570.658997     594.200806     582.429871   3.51146997e+14   3.48010060e+14   3.54227193e+14   3.19838602e+13   3.19126556e+13   3.20550879e+13
A2319         594.200806     618.713745     606.457275   3.68982687e+14   3.65690293e+14   3.72203342e+14   3.44039149e+13   3.43266956e+13   3.44797416e+13
A2319         618.713745     644.237915     631.475830   3.87288442e+14   3.83892029e+14   3.90655998e+14   3.69798446e+13   3.68986387e+13   3.70622668e+13
A2319         644.237915     670.815125     657.526550   4.06013392e+14   4.02483365e+14   4.09512515e+14   3.97189809e+13   3.96327544e+13   3.98055178e+13
A2319         670.815125     698.488708     684.651917   4.25139049e+14   4.21550738e+14   4.28776752e+14   4.26265186e+13   4.25347137e+13   4.27197328e+13
A2319         698.488708     727.303894     712.896301   4.44645415e+14   4.40954427e+14   4.48375527e+14   4.57099864e+13   4.56122423e+13   4.58102218e+13
A2319         727.303894     757.307861     742.305847   4.64498196e+14   4.60764662e+14   4.68314778e+14   4.89770640e+13   4.88724371e+13   4.90849666e+13
A2319         757.307861     788.549561     772.928711   4.84661659e+14   4.80880477e+14   4.88540954e+14   5.24357374e+13   5.23217614e+13   5.25484593e+13
A2319         788.549561     821.080139     804.814819   5.05086711e+14   5.01204229e+14   5.08987682e+14   5.60924490e+13   5.59705835e+13   5.62143691e+13
A2319         821.080139     854.952698     838.016418   5.25701246e+14   5.21841613e+14   5.29646173e+14   5.99583558e+13   5.98271077e+13   6.00871335e+13
A2319         854.952698     890.222595     872.587646   5.46533515e+14   5.42636033e+14   5.50441364e+14   6.40439435e+13   6.39030400e+13   6.41814202e+13
A2319         890.222595     926.947510     908.585083   5.67491412e+14   5.63564335e+14   5.71404060e+14   6.83566988e+13   6.82065217e+13   6.85049171e+13
A2319         926.947510     965.187500     946.067505   5.88555810e+14   5.84558605e+14   5.92465640e+14   7.29117842e+13   7.27503958e+13   7.30724093e+13
A2319         965.187500    1005.005005     985.096252   6.09689398e+14   6.05497443e+14   6.13548158e+14   7.77216527e+13   7.75494010e+13   7.78945671e+13
A2319        1005.005005    1046.465210    1025.735107   6.30732590e+14   6.26418497e+14   6.34711408e+14   8.27971296e+13   8.26165145e+13   8.29880208e+13
A2319        1046.465210    1089.635620    1068.050415   6.51700755e+14   6.47319419e+14   6.55882778e+14   8.81556214e+13   8.79594790e+13   8.83608655e+13
A2319        1089.635620    1134.587158    1112.111450   6.72560270e+14   6.67926537e+14   6.77013883e+14   9.38092664e+13   9.35945851e+13   9.40321098e+13
A2319        1134.587158    1181.392944    1157.990112   6.93321874e+14   6.88218446e+14   6.98097475e+14   9.97738603e+13   9.95399188e+13   1.00009865e+14
A2319        1181.392944    1230.129761    1205.761353   7.13734914e+14   7.08271581e+14   7.18955379e+14   1.06061449e+14   1.05807836e+14   1.06318745e+14
A2319        1230.129761    1280.877075    1255.503418   7.33936024e+14   7.27877234e+14   7.39577732e+14   1.12685220e+14   1.12408866e+14   1.12973863e+14
A2319        1280.877075    1333.718018    1307.297607   7.53832326e+14   7.47064598e+14   7.60011374e+14   1.19662579e+14   1.19350430e+14   1.19984584e+14
A2319        1333.718018    1388.738770    1361.228394   7.73318056e+14   7.65786562e+14   7.80171347e+14   1.27003391e+14   1.26650516e+14   1.27366030e+14
A2319        1388.738770    1446.029297    1417.384033   7.92384892e+14   7.84011316e+14   8.00120531e+14   1.34722957e+14   1.34320371e+14   1.35142488e+14
A2319        1446.029297    1505.683228    1475.856323   8.10956397e+14   8.01600147e+14   8.19532642e+14   1.42836738e+14   1.42385061e+14   1.43308026e+14
A2319        1505.683228    1567.798218    1536.740723   8.29027741e+14   8.18634591e+14   8.38504989e+14   1.51345537e+14   1.50839319e+14   1.51885294e+14
A2319        1567.798218    1632.475586    1600.136963   8.46541544e+14   8.35191958e+14   8.57163736e+14   1.60274925e+14   1.59698058e+14   1.60868772e+14
A2319        1632.475586    1699.821167    1666.148438   8.63567734e+14   8.50875635e+14   8.75302390e+14   1.69626932e+14   1.68984901e+14   1.70288642e+14
A2319        1699.821167    1769.945068    1734.883179   8.79934579e+14   8.66044319e+14   8.92690498e+14   1.79411320e+14   1.78694664e+14   1.80140357e+14
A2319        1769.945068    1842.961792    1806.453369   8.95528733e+14   8.80570435e+14   9.09520528e+14   1.89644046e+14   1.88852061e+14   1.90433146e+14
A2319        1842.961792    1918.990601    1880.976196   9.10509444e+14   8.94290776e+14   9.25902540e+14   2.00318919e+14   1.99466854e+14   2.01171738e+14
A2319        1918.990601    1998.156006    1958.573364   9.24787459e+14   9.07271173e+14   9.41714664e+14   2.11465483e+14   2.10555957e+14   2.12374120e+14
A2319        1998.156006    2080.587402    2039.371704   9.38381366e+14   9.19513575e+14   9.56826640e+14   2.23083873e+14   2.22124568e+14   2.24046801e+14
A2319        2080.587402    2166.419189    2123.503174   9.51240163e+14   9.31023349e+14   9.71378459e+14   2.35181336e+14   2.34170995e+14   2.36206961e+14
A2319        2166.419189    2255.791748    2211.105469   9.63351568e+14   9.41851834e+14   9.84930088e+14   2.47778106e+14   2.46724749e+14   2.48839701e+14
A2319        2255.791748    2348.851562    2302.321533   9.74853289e+14   9.51943866e+14   9.97859348e+14   2.60895289e+14   2.59794552e+14   2.61990623e+14
A2319        2348.851562    2445.750244    2397.300781   9.85626543e+14   9.61240659e+14   1.01011021e+15   2.74526928e+14   2.73376413e+14   2.75667980e+14
A2319        2445.750244    2546.646240    2496.198242   9.95502552e+14   9.69935015e+14   1.02148388e+15   2.88677402e+14   2.87472697e+14   2.89905796e+14
A2319        2546.646240    2651.704834    2599.175537   1.00475284e+15   9.78009486e+14   1.03224311e+15   3.03398537e+14   3.02098000e+14   3.04728534e+14
A2319        2651.704834    2761.097412    2706.401123   1.01345739e+15   9.85330996e+14   1.04230716e+15   3.18703317e+14   3.17224607e+14   3.20198972e+14
A2319        2761.097412    2875.002686    2818.050049   1.02142865e+15   9.92186770e+14   1.05174830e+15   3.34623888e+14   3.32906975e+14   3.36326440e+14
A2319        2875.002686    2993.607178    2934.304932   1.02874392e+15   9.98302066e+14   1.06043132e+15   3.51167566e+14   3.49145408e+14   3.53165296e+14
A2319        2993.607178    3117.104248    3055.355713   1.03554071e+15   1.00372715e+15   1.06854928e+15   3.68330691e+14   3.65938495e+14   3.70706412e+14
A2319        3117.104248    3245.696289    3181.400146   1.04157386e+15   1.00866119e+15   1.07589958e+15   3.86175576e+14   3.83275298e+14   3.89053002e+14
A3158           0.000000       1.040435       0.520218   7.84458496e+08   4.55186720e+08   1.32261286e+09   1.58305300e+06   1.22666362e+06   2.15568525e+06
A3158           1.040435       1.082505       1.061470   8.63931008e+08   5.03665504e+08   1.44921523e+09   1.78218812e+06   1.38111412e+06   2.42572800e+06
A3158           1.082505       1.126276       1.104391   9.51533376e+08   5.57203200e+08   1.58765427e+09   2.00605638e+06   1.55498450e+06   2.72960775e+06
A3158           1.126276       1.171818       1.149047   1.04766106e+09   6.16357696e+08   1.73970701e+09   2.25805975e+06   1.75067362e+06   3.07154050e+06
A3158           1.171818       1.219200       1.195509   1.15310848e+09   6.81796032e+08   1.90476723e+09   2.54159100e+06   1.97099012e+06   3.45626200e+06
A3158           1.219200       1.268499       1.243849   1.26900301e+09   7.54002240e+08   2.08706714e+09   2.86111475e+06   2.21909050e+06   3.88906750e+06
A3158           1.268499       1.319791       1.294145   1.39631910e+09   8.33666240e+08   2.28642048e+09   3.22059850e+06   2.49837475e+06   4.37585850e+06
A3158           1.319791       1.373156       1.346473   1.53563558e+09   9.21881728e+08   2.50429286e+09   3.62515725e+06   2.81291600e+06   4.92332400e+06
A3158           1.373156       1.428680       1.400918   1.68903194e+09   1.01877830e+09   2.74154342e+09   4.08018500e+06   3.16728150e+06   5.53953800e+06
A3158           1.428680       1.486449       1.457565   1.85730662e+09   1.12617190e+09   3.00054861e+09   4.59217700e+06   3.56667125e+06   6.23267000e+06
A3158           1.486449       1.546554       1.516501   2.04222157e+09   1.24325338e+09   3.28342170e+09   5.16821950e+06   4.01478700e+06   7.01194350e+06
A3158           1.546554       1.609089       1.577821   2.24537472e+09   1.37352435e+09   3.59236122e+09   5.81664050e+06   4.51960000e+06   7.89013000e+06
A3158           1.609089       1.674152       1.641621   2.46864896e+09   1.51729510e+09   3.92946918e+09   6.54693850e+06   5.08788750e+06   8.87805100e+06
A3158           1.674152       1.741847       1.708000   2.71270349e+09   1.67588506e+09   4.29778125e+09   7.36728300e+06   5.72617650e+06   9.98719800e+06
A3158           1.741847       1.812279       1.777063   2.98065306e+09   1.85070963e+09   4.69937254e+09   8.29074650e+06   6.44407550e+06   1.12315700e+07
A3158           1.812279       1.885559       1.848919   3.27480627e+09   2.04341594e+09   5.13761331e+09   9.33052900e+06   7.25274300e+06   1.26314820e+07
A3158           1.885559       1.961801       1.923680   3.59861069e+09   2.25579187e+09   5.61553152e+09   1.04978350e+07   8.16506450e+06   1.42049280e+07
A3158           1.961801       2.041127       2.001464   3.95403878e+09   2.48934016e+09   6.13935974e+09   1.18071260e+07   9.18749400e+06   1.59758330e+07
A3158           2.041127       2.123660       2.082394   4.34093619e+09   2.74544947e+09   6.71088435e+09   1.32794230e+07   1.03354000e+07   1.79589980e+07
A3158           2.123660       2.209531       2.166595   4.76628992e+09   3.02744320e+09   7.33173555e+09   1.49382750e+07   1.16326030e+07   2.01879740e+07
A3158           2.209531       2.298873       2.254202   5.23461939e+09   3.33812813e+09   8.01038592e+09   1.68058000e+07   1.30926490e+07   2.26864960e+07
A3158           2.298873       2.391829       2.345351   5.74560563e+09   3.68061978e+09   8.74798899e+09   1.88944820e+07   1.47338120e+07   2.54871960e+07
A3158           2.391829       2.488542       2.440186   6.30573978e+09   4.05873357e+09   9.55134157e+09   2.12435160e+07   1.65824740e+07   2.86255160e+07
A3158           2.488542       2.589167       2.538855   6.91678413e+09   4.47235686e+09   1.04304548e+10   2.38784520e+07   1.86622840e+07   3.21501360e+07
A3158           2.589167       2.693860       2.641514   7.58821683e+09   4.92955341e+09   1.13869322e+10   2.68479120e+07   2.10026820e+07   3.61009440e+07
A3158           2.693860       2.802787       2.748323   8.32123341e+09   5.43226624e+09   1.24255601e+10   3.01827860e+07   2.36349380e+07   4.05441520e+07
A3158           2.802787       2.916118       2.859452   9.12243610e+09   5.98654157e+09   1.35582669e+10   3.39267080e+07   2.65942780e+07   4.54822120e+07
A3158           2.916118       3.034031       2.975075   9.99984947e+09   6.59419597e+09   1.47997573e+10   3.81173080e+07   2.99188820e+07   5.10626680e+07
A3158           3.034031       3.156713       3.095372   1.09592842e+10   7.26263194e+09   1.61503795e+10   4.27964680e+07   3.36551960e+07   5.72503200e+07
A3158           3.156713       3.284355       3.220534   1.20059341e+10   7.99743283e+09   1.76208118e+10   4.80672680e+07   3.78551000e+07   6.42347520e+07
A3158           3.284355       3.417158       3.350756   1.31530056e+10   8.79752294e+09   1.92030454e+10   5.39830960e+07   4.25408240e+07   7.20841760e+07
A3158           3.417158       3.555331       3.486245   1.44076462e+10   9.68137626e+09   2.09350636e+10   6.06098440e+07   4.78056360e+07   8.08202560e+07
A3158           3.555331       3.699091       3.627211   1.57795697e+10   1.06549565e+10   2.28112978e+10   6.80418000e+07   5.37612240e+07   9.06252640e+07
A3158           3.699091       3.848665       3.773878   1.72741018e+10   1.17222625e+10   2.48573829e+10   7.63954880e+07   6.04655960e+07   1.01561752e+08
A3158           3.848665       4.004286       3.926475   1.89151416e+10   1.28937206e+10   2.70775890e+10   8.57487360e+07   6.79802000e+07   1.13703144e+08
A3158           4.004286       4.166200       4.085243   2.06996910e+10   1.41798083e+10   2.95091528e+10   9.62663200e+07   7.64116480e+07   1.27248928e+08
A3158           4.166200       4.334661       4.250430   2.26470113e+10   1.55912530e+10   3.21489818e+10   1.07921208e+08   8.58165040e+07   1.42429008e+08
A3158           4.334661       4.509933       4.422297   2.47701463e+10   1.71377572e+10   3.50090363e+10   1.21003984e+08   9.64048080e+07   1.59351904e+08
A3158           4.509933       4.692293       4.601113   2.70888694e+10   1.88295148e+10   3.81173924e+10   1.35705648e+08   1.08213320e+08   1.78085552e+08
A3158           4.692293       4.882026       4.787159   2.95957279e+10   2.06894408e+10   4.14881751e+10   1.52033424e+08   1.21594360e+08   1.98778624e+08
A3158           4.882026       5.079432       4.980729   3.23505091e+10   2.27246182e+10   4.51473080e+10   1.70332944e+08   1.36532640e+08   2.22012896e+08
A3158           5.079432       5.284819       5.182125   3.53787044e+10   2.49641452e+10   4.91274035e+10   1.90758384e+08   1.53181888e+08   2.47620992e+08
A3158           5.284819       5.498511       5.391665   3.86693980e+10   2.74061394e+10   5.34636503e+10   2.13560960e+08   1.72099824e+08   2.75582848e+08
A3158           5.498511       5.720844       5.609677   4.22704824e+10   3.00868198e+10   5.81466153e+10   2.39021728e+08   1.93008384e+08   3.07794496e+08
A3158           5.720844       5.952167       5.836505   4.61819617e+10   3.30242621e+10   6.32097751e+10   2.67456816e+08   2.16179536e+08   3.42772224e+08
A3158           5.952167       6.192843       6.072505   5.04306483e+10   3.62413343e+10   6.87013847e+10   2.98924544e+08   2.42465872e+08   3.81483392e+08
A3158           6.192843       6.443252       6.318048   5.50616883e+10   3.97593723e+10   7.47139154e+10   3.34079904e+08   2.71793056e+08   4.24190784e+08
A3158           6.443252       6.703785       6.573519   6.01056707e+10   4.36069786e+10   8.12023890e+10   3.73087808e+08   3.04556160e+08   4.71878816e+08
A3158           6.703785       6.974854       6.839320   6.56026501e+10   4.78056038e+10   8.82673746e+10   4.16457824e+08   3.41306304e+08   5.24693376e+08
A3158           6.974854       7.256883       7.115868   7.15765596e+10   5.24412355e+10   9.59048090e+10   4.65386720e+08   3.82610784e+08   5.81743552e+08
A3158           7.256883       7.550316       7.403599   7.81017498e+10   5.75070085e+10   1.04224227e+11   5.19104544e+08   4.28757408e+08   6.44850560e+08
A3158           7.550316       7.855614       7.702965   8.51914670e+10   6.30320579e+10   1.13216365e+11   5.78927488e+08   4.80230496e+08   7.15258304e+08
A3158           7.855614       8.173256       8.014435   9.28941425e+10   6.90863882e+10   1.22963050e+11   6.45021952e+08   5.37643264e+08   7.92612480e+08
A3158           8.173256       8.503743       8.338500   1.01273551e+11   7.56442972e+10   1.33484159e+11   7.18638848e+08   6.01851904e+08   8.77324160e+08
A3158           8.503743       8.847592       8.675668   1.10375797e+11   8.28328837e+10   1.44910238e+11   8.00373056e+08   6.73215488e+08   9.71567680e+08
A3158           8.847592       9.205346       9.026469   1.20262451e+11   9.06620846e+10   1.57241508e+11   8.90723264e+08   7.52974144e+08   1.07421312e+09
A3158           9.205346       9.577565       9.391456   1.31011658e+11   9.91975260e+10   1.70619634e+11   9.91900288e+08   8.41937152e+08   1.18921536e+09
A3158           9.577565       9.964835       9.771200   1.42696366e+11   1.08493906e+11   1.85052381e+11   1.10477811e+09   9.41804032e+08   1.31475968e+09
A3158           9.964835      10.367764      10.166300   1.55407909e+11   1.18755860e+11   2.00547271e+11   1.22842266e+09   1.05280429e+09   1.45193933e+09
A3158          10.367764      10.786986      10.577375   1.69190932e+11   1.29848541e+11   2.17433571e+11   1.36537203e+09   1.17568602e+09   1.60401587e+09
A3158          10.786986      11.223160      11.005073   1.84129323e+11   1.41964968e+11   2.35552506e+11   1.51550131e+09   1.31413581e+09   1.77192883e+09
A3158          11.223160      11.676970      11.450065   2.00369242e+11   1.55193426e+11   2.55059755e+11   1.68399974e+09   1.46851738e+09   1.95661427e+09
A3158          11.676970      12.149129      11.913049   2.17992839e+11   1.69617539e+11   2.76340441e+11   1.87161114e+09   1.63911565e+09   2.15985306e+09
A3158          12.149129      12.640380      12.394754   2.37153026e+11   1.85315574e+11   2.99173839e+11   2.07844749e+09   1.83156198e+09   2.38212122e+09
A3158          12.640380      13.151496      12.895938   2.57932034e+11   2.02363077e+11   3.23874652e+11   2.30917888e+09   2.04611136e+09   2.62916838e+09
A3158          13.151496      13.683278      13.417387   2.80293212e+11   2.21012886e+11   3.50492459e+11   2.56214067e+09   2.28361370e+09   2.89803878e+09
A3158          13.683278      14.236563      13.959920   3.04712155e+11   2.41200529e+11   3.79384168e+11   2.84586624e+09   2.54931328e+09   3.19847424e+09
A3158          14.236563      14.812220      14.524391   3.31212521e+11   2.63314604e+11   4.10656211e+11   3.15998566e+09   2.84554803e+09   3.52909542e+09
A3158          14.812220      15.411154      15.111687   3.59894581e+11   2.87287902e+11   4.44061417e+11   3.50916454e+09   3.17525402e+09   3.89736166e+09
A3158          15.411154      16.034306      15.722730   3.90868074e+11   3.13317687e+11   4.80522895e+11   3.89736781e+09   3.54372198e+09   4.29971200e+09
A3158          16.034306      16.682655      16.358480   4.24486601e+11   3.41616263e+11   5.19834173e+11   4.33098394e+09   3.95737318e+09   4.75276749e+09
A3158          16.682655      17.357220      17.019938   4.60933431e+11   3.72593492e+11   5.62083332e+11   4.80962662e+09   4.41814989e+09   5.25157786e+09
A3158          17.357220      18.059061      17.708139   5.00318536e+11   4.06223323e+11   6.07336071e+11   5.34344858e+09   4.92666010e+09   5.80173466e+09
A3158          18.059061      18.789282      18.424171   5.43039750e+11   4.42508444e+11   6.56132538e+11   5.93477171e+09   5.50158182e+09   6.41150720e+09
A3158          18.789282      19.549028      19.169155   5.88871434e+11   4.81873723e+11   7.08433805e+11   6.59873741e+09   6.14152602e+09   7.09591245e+09
A3158          19.549028      20.339495      19.944262   6.38756717e+11   5.24674695e+11   7.65174284e+11   7.33093120e+09   6.85277338e+09   7.84861594e+09
A3158          20.339495      21.161924      20.750710   6.92482212e+11   5.71077689e+11   8.26219037e+11   8.15218381e+09   7.65178675e+09   8.69466829e+09
A3158          21.161924      22.017611      21.589767   7.50665662e+11   6.21860028e+11   8.91950793e+11   9.06491392e+09   8.54382592e+09   9.63552154e+09
A3158          22.017611      22.907894      22.462751   8.13400654e+11   6.76330013e+11   9.62603123e+11   1.00852275e+10   9.54431590e+09   1.06813655e+10
A3158          22.907894      23.834177      23.371037   8.81058054e+11   7.35465177e+11   1.03906424e+12   1.12245258e+10   1.06520934e+10   1.18417961e+10
A3158          23.834177      24.797916      24.316048   9.53846661e+11   7.99736005e+11   1.12035339e+12   1.24969759e+10   1.18872545e+10   1.31411466e+10
A3158          24.797916      25.800623      25.299269   1.03284795e+12   8.69327569e+11   1.20845500e+12   1.39088159e+10   1.32652677e+10   1.45875005e+10
A3158          25.800623      26.843874      26.322248   1.11778464e+12   9.44905519e+11   1.30290038e+12   1.54862787e+10   1.48118589e+10   1.62017475e+10
A3158          26.843874      27.929308      27.386591   1.20955024e+12   1.02662518e+12   1.40490808e+12   1.72529234e+10   1.65346345e+10   1.79901706e+10
A3158          27.929308      29.058634      28.493971   1.30830120e+12   1.11565917e+12   1.51401202e+12   1.92264684e+10   1.84643461e+10   1.99956439e+10
A3158          29.058634      30.233624      29.646128   1.41509434e+12   1.21171241e+12   1.63118436e+12   2.14201467e+10   2.06146007e+10   2.22318756e+10
A3158          30.233624      31.456123      30.844873   1.52935190e+12   1.31547280e+12   1.75747065e+12   2.38695076e+10   2.30167818e+10   2.47248712e+10
A3158          31.456123      32.728054      32.092091   1.65250046e+12   1.42747868e+12   1.89300513e+12   2.66051686e+10   2.56916685e+10   2.75229839e+10
A3158          32.728054      34.051418      33.389736   1.78585810e+12   1.54898491e+12   2.03791309e+12   2.96595313e+10   2.86878310e+10   3.06282537e+10
A3158          34.051418      35.428291      34.739853   1.92885123e+12   1.67956224e+12   2.19331376e+12   3.30611282e+10   3.20300237e+10   3.40909814e+10
A3158          35.428291      36.860836      36.144566   2.08241020e+12   1.82074147e+12   2.36051864e+12   3.68615547e+10   3.57634048e+10   3.79575501e+10
A3158          36.860836      38.351311      37.606075   2.24850241e+12   1.97338910e+12   2.53951371e+12   4.10969457e+10   3.99233843e+10   4.22517105e+10
A3158          38.351311      39.902050      39.126678   2.42690320e+12   2.13746372e+12   2.73028638e+12   4.58038190e+10   4.45676134e+10   4.70394880e+10
A3158          39.902050      41.515495      40.708771   2.61893652e+12   2.31503430e+12   2.93613627e+12   5.10543790e+10   4.97424138e+10   5.23735286e+10
A3158          41.515495      43.194180      42.354836   2.82437956e+12   2.50680862e+12   3.15635689e+12   5.69136292e+10   5.55141202e+10   5.83353426e+10
A3158          43.194180      44.940739      44.067459   3.04627083e+12   2.71166184e+12   3.39349235e+12   6.34398761e+10   6.19571200e+10   6.49608724e+10
A3158          44.940739      46.757923      45.849331   3.28522321e+12   2.93265421e+12   3.64881458e+12   7.07187098e+10   6.91219988e+10   7.23412582e+10
A3158          46.757923      48.648586      47.703255   3.54054885e+12   3.17095045e+12   3.92039052e+12   7.88005192e+10   7.71055452e+10   8.05541396e+10
A3158          48.648586      50.615696      49.632141   3.81535047e+12   3.42801410e+12   4.20909469e+12   8.78002913e+10   8.59572961e+10   8.96742031e+10
A3158          50.615696      52.662350      51.639023   4.11025880e+12   3.70444075e+12   4.51927500e+12   9.78050908e+10   9.58368236e+10   9.98111642e+10
A3158          52.662350      54.791756      53.727051   4.42491837e+12   4.00177181e+12   4.85148380e+12   1.08918350e+11   1.06813759e+11   1.11077712e+11
A3158          54.791756      57.007267      55.899513   4.76149501e+12   4.32294094e+12   5.20675865e+12   1.21240240e+11   1.19004389e+11   1.23581276e+11
A3158          57.007267      59.312363      58.159817   5.12296485e+12   4.66853508e+12   5.58680139e+12   1.34938837e+11   1.32557169e+11   1.37475146e+11
A3158          59.312363      61.710667      60.511513   5.51131283e+12   5.03853403e+12   5.99027561e+12   1.50113468e+11   1.47546259e+11   1.52825856e+11
A3158          61.710667      64.205940      62.958305   5.92680531e+12   5.43230211e+12   6.42329503e+12   1.66930137e+11   1.64176888e+11   1.69820750e+11
A3158          64.205940      66.802116      65.504028   6.37148804e+12   5.85824102e+12   6.88524991e+12   1.85565037e+11   1.82620455e+11   1.88643623e+11
A3158          66.802116      69.503273      68.152695   6.84729565e+12   6.31588992e+12   7.38023860e+12   2.06215496e+11   2.03067015e+11   2.09481761e+11
A3158          69.503273      72.313644      70.908455   7.35353084e+12   6.80580140e+12   7.90556102e+12   2.29057348e+11   2.25629831e+11   2.32464450e+11
A3158          72.313644      75.237656      73.775650   7.89716455e+12   7.32920912e+12   8.46709182e+12   2.54298948e+11   2.50601783e+11   2.57865548e+11
A3158          75.237656      78.279900      76.758774   8.47768139e+12   7.89215026e+12   9.06423173e+12   2.82138313e+11   2.78139273e+11   2.85931864e+11
A3158          78.279900      81.445152      79.862526   9.09715073e+12   8.49512602e+12   9.70478794e+12   3.12824562e+11   3.08535656e+11   3.16904604e+11
A3158          81.445152      84.738396      83.091774   9.75897310e+12   9.13951110e+12   1.03863990e+13   3.46685374e+11   3.42135112e+11   3.51014027e+11
A3158          84.738396      88.164803      86.451599   1.04683903e+13   9.83066634e+12   1.11092097e+13   3.83933022e+11   3.79175240e+11   3.88544627e+11
A3158          88.164803      91.729759      89.947281   1.12231553e+13   1.05687370e+13   1.18774175e+13   4.24944075e+11   4.19832070e+11   4.29806289e+11
A3158          91.729759      95.438866      93.584312   1.20317479e+13   1.13597879e+13   1.26978087e+13   4.70043525e+11   4.64632349e+11   4.75219919e+11
A3158          95.438866      99.297943      97.368401   1.28891046e+13   1.22036033e+13   1.35694343e+13   5.19568458e+11   5.13872593e+11   5.25070074e+11
A3158          99.297943     103.313065     101.305504   1.38038424e+13   1.31079718e+13   1.45005153e+13   5.74009704e+11   5.67984194e+11   5.79802038e+11
A3158         103.313065     107.490547     105.401810   1.47781352e+13   1.40678980e+13   1.54902221e+13   6.33650086e+11   6.27356008e+11   6.39893570e+11
A3158         107.490547     111.836937     109.663742   1.58154904e+13   1.50932533e+13   1.65378188e+13   6.99008156e+11   6.92438565e+11   7.05709539e+11
A3158         111.836937     116.359077     114.098007   1.69190579e+13   1.61936321e+13   1.76595361e+13   7.70684223e+11   7.63758969e+11   7.77814147e+11
A3158         116.359077     121.064072     118.711571   1.80945190e+13   1.73604057e+13   1.88512532e+13   8.49128784e+11   8.41850356e+11   8.56756388e+11
A3158         121.064072     125.959312     123.511688   1.93448368e+13   1.86066603e+13   2.01118974e+13   9.35030227e+11   9.27352357e+11   9.43079358e+11
A3158         125.959312     131.052490     128.505905   2.06770799e+13   1.99302840e+13   2.14471205e+13   1.02895000e+12   1.02081770e+12   1.03748017e+12
A3158         131.052490     136.351608     133.702057   2.20936033e+13   2.13389725e+13   2.28759270e+13   1.13167670e+12   1.12299540e+12   1.14088123e+12
A3158         136.351608     141.865005     139.108307   2.35885308e+13   2.28298106e+13   2.43826761e+13   1.24399072e+12   1.23477046e+12   1.25360315e+12
A3158         141.865005     147.601334     144.733170   2.51879783e+13   2.44184053e+13   2.59867772e+13   1.36663767e+12   1.35685158e+12   1.37668932e+12
A3158         147.601334     153.569611     150.585464   2.68807071e+13   2.61066274e+13   2.76904930e+13   1.50039822e+12   1.49028576e+12   1.51103327e+12
A3158         153.569611     159.779221     156.674408   2.86771779e+13   2.78964333e+13   2.94922549e+13   1.64646761e+12   1.63570817e+12   1.65778581e+12
A3158         159.779221     166.239914     163.009567   3.05889836e+13   2.98016959e+13   3.13969135e+13   1.80588026e+12   1.79450125e+12   1.81768264e+12
A3158         166.239914     172.961838     169.600876   3.26093756e+13   3.18213854e+13   3.34131154e+13   1.97961358e+12   1.96764723e+12   1.99213489e+12
A3158         172.961838     179.955566     176.458710   3.47522141e+13   3.39602959e+13   3.55712757e+13   2.16890212e+12   2.15625381e+12   2.18187615e+12
A3158         179.955566     187.232086     183.593826   3.70250885e+13   3.62204826e+13   3.78399328e+13   2.37499476e+12   2.36168780e+12   2.38836829e+12
A3158         187.232086     194.802841     191.017471   3.94291336e+13   3.86080776e+13   4.02496946e+13   2.59912421e+12   2.58519781e+12   2.61313135e+12
A3158         194.802841     202.679718     198.741287   4.19737801e+13   4.11364921e+13   4.27963670e+13   2.84281851e+12   2.82800869e+12   2.85736069e+12
A3158         202.679718     210.875092     206.777405   4.46651139e+13   4.38276834e+13   4.54870591e+13   3.10737161e+12   3.09154415e+12   3.12269917e+12
A3158         210.875092     219.401855     215.138474   4.75072498e+13   4.66716774e+13   4.83364008e+13   3.39436293e+12   3.37749475e+12   3.41048191e+12
A3158         219.401855     228.273392     223.837631   5.05132446e+13   4.96757553e+13   5.13474329e+13   3.70524317e+12   3.68724673e+12   3.72234938e+12
A3158         228.273392     237.503662     232.888535   5.36889493e+13   5.28430043e+13   5.45332836e+13   4.04156291e+12   4.02262878e+12   4.06010357e+12
A3158         237.503662     247.107147     242.305405   5.70481002e+13   5.61861708e+13   5.79177095e+13   4.40486697e+12   4.38439772e+12   4.42449894e+12
A3158         247.107147     257.098969     252.103058   6.05846912e+13   5.96997225e+13   6.14713629e+13   4.79647918e+12   4.77489739e+12   4.81766513e+12
A3158         257.098969     267.494781     262.296875   6.43127816e+13   6.34099115e+13   6.52263387e+13   5.21810110e+12   5.19528094e+12   5.24097998e+12
A3158         267.494781     278.310974     272.902863   6.82517363e+13   6.73170818e+13   6.91821630e+13   5.67120023e+12   5.64687903e+12   5.69510252e+12
A3158         278.310974     289.564514     283.937744   7.23864057e+13   7.14151391e+13   7.33787193e+13   6.15725452e+12   6.13194295e+12   6.18269245e+12
A3158         289.564514     301.273071     295.418793   7.67581288e+13   7.57278651e+13   7.77867399e+13   6.67754850e+12   6.65067612e+12   6.70418705e+12
A3158         301.273071     313.455078     307.364075   8.13321515e+13   8.02504070e+13   8.24548576e+13   7.23349248e+12   7.20515000e+12   7.26144175e+12
A3158         313.455078     326.129669     319.792389   8.61776715e+13   8.50053720e+13   8.73575209e+13   7.82648843e+12   7.79629363e+12   7.85494154e+12
A3158         326.129669     339.316772     332.723236   9.12465131e+13   9.00160889e+13   9.25273193e+13   8.45696467e+12   8.42515821e+12   8.48729945e+12
A3158         339.316772     353.037079     346.176941   9.65889407e+13   9.52775161e+13   9.79721718e+13   9.12695335e+12   9.09329406e+12   9.15812857e+12
A3158         353.037079     367.312195     360.174622   1.02188186e+14   1.00808494e+14   1.03684537e+14   9.83626469e+12   9.80162707e+12   9.86970482e+12
A3158         367.312195     382.164490     374.738342   1.08078465e+14   1.06600602e+14   1.09689228e+14   1.05868585e+13   1.05503953e+13   1.06229232e+13
A3158         382.164490     397.617371     389.890930   1.14260869e+14   1.12692761e+14   1.15973110e+14   1.13800013e+13   1.13418667e+13   1.14184684e+13
A3158         397.617371     413.695068     405.656219   1.20742889e+14   1.19076693e+14   1.22570733e+14   1.22167535e+13   1.21750338e+13   1.22583232e+13
A3158         413.695068     430.422882     422.058960   1.27526706e+14   1.25787009e+14   1.29498918e+14   1.30982619e+13   1.30530725e+13   1.31435290e+13
A3158         430.422882     447.827057     439.124969   1.34666737e+14   1.32809667e+14   1.36752807e+14   1.40255282e+13   1.39770735e+13   1.40746655e+13
A3158         447.827057     465.934998     456.881042   1.42124645e+14   1.40151066e+14   1.44337661e+14   1.50006147e+13   1.49489472e+13   1.50540072e+13
A3158         465.934998     484.775146     475.355072   1.49941066e+14   1.47858964e+14   1.52268049e+14   1.60257498e+13   1.59701564e+13   1.60828175e+13
A3158         484.775146     504.377075     494.576111   1.58120261e+14   1.55923285e+14   1.60606024e+14   1.71031092e+13   1.70437399e+13   1.71630637e+13
A3158         504.377075     524.771606     514.574341   1.66675534e+14   1.64356101e+14   1.69297477e+14   1.82345143e+13   1.81699221e+13   1.82982426e+13
A3158         524.771606     545.990845     535.381226   1.75609586e+14   1.73193550e+14   1.78364959e+14   1.94218526e+13   1.93544669e+13   1.94887916e+13
A3158         545.990845     568.068054     557.029419   1.84972229e+14   1.82417378e+14   1.87816940e+14   2.06691023e+13   2.05976481e+13   2.07389626e+13
A3158         568.068054     591.037964     579.552979   1.94715094e+14   1.92045939e+14   1.97693805e+14   2.19800719e+13   2.19028421e+13   2.20544830e+13
A3158         591.037964     614.936646     602.987305   2.04904652e+14   2.02111766e+14   2.08019057e+14   2.33578147e+13   2.32751555e+13   2.34375065e+13
A3158         614.936646     639.801636     627.369141   2.15509430e+14   2.12549795e+14   2.18758824e+14   2.48034634e+13   2.47164987e+13   2.48917996e+13
A3158         639.801636     665.672119     652.736877   2.26594824e+14   2.23450791e+14   2.29947885e+14   2.63241482e+13   2.62308668e+13   2.64183753e+13
A3158         665.672119     692.588623     679.130371   2.38130284e+14   2.34776619e+14   2.41580552e+14   2.79214440e+13   2.78209359e+13   2.80253264e+13
A3158         692.588623     720.593567     706.591064   2.50105509e+14   2.46563352e+14   2.53722341e+14   2.96011851e+13   2.94902479e+13   2.97106292e+13
A3158         720.593567     749.730835     735.162170   2.62554723e+14   2.58796325e+14   2.66313507e+14   3.13636526e+13   3.12413258e+13   3.14809778e+13
A3158         749.730835     780.046265     764.888550   2.75557468e+14   2.71543871e+14   2.79476559e+14   3.32134393e+13   3.30799451e+13   3.33382408e+13
A3158         780.046265     811.587524     795.816895   2.89022711e+14   2.84780860e+14   2.93167388e+14   3.51541647e+13   3.50103735e+13   3.52858239e+13
A3158         811.587524     844.404175     827.995850   3.03020277e+14   2.98451674e+14   3.07436276e+14   3.71841953e+13   3.70300462e+13   3.73250190e+13
A3158         844.404175     878.547791     861.475952   3.17577197e+14   3.12567352e+14   3.22367461e+14   3.93059427e+13   3.91428597e+13   3.94567279e+13
A3158         878.547791     914.071960     896.309875   3.32648539e+14   3.27179334e+14   3.37866052e+14   4.15234754e+13   4.13511314e+13   4.16864828e+13
A3158         914.071960     951.032532     932.552246   3.48320204e+14   3.42362346e+14   3.53851450e+14   4.38375820e+13   4.36554233e+13   4.40132226e+13
A3158         951.032532     989.487671     970.260132   3.64479951e+14   3.57935696e+14   3.70494080e+14   4.62480149e+13   4.60555383e+13   4.64401979e+13
A3158         989.487671    1029.497681    1009.492676   3.81201634e+14   3.74002095e+14   3.87786893e+14   4.87554621e+13   4.85496476e+13   4.89637680e+13
A3158        1029.497681    1071.125610    1050.311646   3.98481261e+14   3.90558254e+14   4.05800623e+14   5.13591854e+13   5.11447516e+13   5.15875820e+13
A3158        1071.125610    1114.436646    1092.781128   4.16446471e+14   4.07725876e+14   4.24558490e+14   5.40622297e+13   5.38246979e+13   5.43105829e+13
A3158        1114.436646    1159.499023    1136.967896   4.34975464e+14   4.25208272e+14   4.43994962e+14   5.68605310e+13   5.65948092e+13   5.71325400e+13
A3158        1159.499023    1206.383545    1182.941284   4.54207186e+14   4.43253745e+14   4.64036085e+14   5.97522687e+13   5.94601816e+13   6.00508486e+13
A3158        1206.383545    1255.163818    1230.773682   4.74094361e+14   4.61604362e+14   4.85047333e+14   6.27444223e+13   6.24169016e+13   6.30670775e+13
A3158        1255.163818    1305.916504    1280.540161   4.94595381e+14   4.80507620e+14   5.06641154e+14   6.58242745e+13   6.54604606e+13   6.61792594e+13
A3158        1305.916504    1358.721313    1332.318970   5.15552808e+14   4.99963419e+14   5.29178961e+14   6.89885413e+13   6.85949520e+13   6.93868786e+13
A3158        1358.721313    1413.661377    1386.191406   5.37160185e+14   5.19687251e+14   5.52531168e+14   7.22508962e+13   7.18135141e+13   7.26901656e+13
A3158        1413.661377    1470.822998    1442.242188   5.59490525e+14   5.40093211e+14   5.76448969e+14   7.55995446e+13   7.51273582e+13   7.60723014e+13
A3158        1470.822998    1530.295898    1500.559448   5.82511516e+14   5.60925682e+14   6.01515874e+14   7.90323559e+13   7.85320761e+13   7.95497149e+13
A3158        1530.295898    1592.173584    1561.234741   6.06151285e+14   5.82091079e+14   6.27411440e+14   8.25487597e+13   8.20147326e+13   8.31051258e+13
A3158        1592.173584    1656.553345    1624.363403   6.30517372e+14   6.03825895e+14   6.53887028e+14   8.61599380e+13   8.55946633e+13   8.67498921e+13
A3158        1656.553345    1723.536255    1690.044800   6.55775203e+14   6.26095771e+14   6.81519773e+14   8.98527710e+13   8.92506787e+13   9.04953132e+13
A3158        1723.536255    1793.227661    1758.381958   6.81609699e+14   6.48787559e+14   7.09963396e+14   9.36346659e+13   9.29977776e+13   9.43200068e+13
A3158        1793.227661    1865.736938    1829.482300   7.08015427e+14   6.71599338e+14   7.39513039e+14   9.75066293e+13   9.68027747e+13   9.82514789e+13
A3158        1865.736938    1941.178223    1903.457642   7.35104524e+14   6.94999931e+14   7.69450370e+14   1.01476395e+14   1.00677221e+14   1.02253273e+14
A3158        1941.178223    2019.670044    1980.424194   7.62677945e+14   7.18636747e+14   8.00790411e+14   1.05535089e+14   1.04619087e+14   1.06372088e+14
A3158        2019.670044    2101.335693    2060.502930   7.91080698e+14   7.42723259e+14   8.33389951e+14   1.09677006e+14   1.08634839e+14   1.10591583e+14
A3158        2101.335693    2186.303467    2143.819580   8.20088303e+14   7.66998682e+14   8.66801173e+14   1.13887744e+14   1.12719429e+14   1.14959153e+14
A3158        2186.303467    2274.706787    2230.505127   8.49781761e+14   7.91973582e+14   9.00536597e+14   1.18193624e+14   1.16864936e+14   1.19469532e+14
A3158        2274.706787    2366.684814    2320.695801   8.79971153e+14   8.16997672e+14   9.35571652e+14   1.22578400e+14   1.21047160e+14   1.24114698e+14
A3158        2366.684814    2462.382080    2414.533447   9.10560447e+14   8.42558633e+14   9.71471472e+14   1.27051676e+14   1.25300470e+14   1.28887724e+14
A3158        2462.382080    2561.948730    2512.165283   9.41928137e+14   8.67717880e+14   1.00844107e+15   1.31591926e+14   1.29572285e+14   1.33846977e+14
A3158        2561.948730    2665.541504    2613.745117   9.74218909e+14   8.93612305e+14   1.04644227e+15   1.36230122e+14   1.33915839e+14   1.39002523e+14
A3158        2665.541504    2773.322998    2719.432129   1.00696038e+15   9.18999789e+14   1.08530274e+15   1.41010672e+14   1.38287000e+14   1.44354287e+14
A3266           0.000000       1.040820       0.520410   8.33334912e+08   6.67871232e+08   1.02924096e+09   1.65416200e+06   1.35537788e+06   2.13569725e+06
A3266           1.040820       1.083306       1.062063   9.16855616e+08   7.36175680e+08   1.13097370e+09   1.86429850e+06   1.52766450e+06   2.40602600e+06
A3266           1.083306       1.127527       1.105416   1.00869958e+09   8.11618368e+08   1.24223757e+09   2.10111775e+06   1.72213338e+06   2.71078075e+06
A3266           1.127527       1.173552       1.150539   1.10949722e+09   8.94574848e+08   1.36448576e+09   2.36816100e+06   1.94145075e+06   3.05444425e+06
A3266           1.173552       1.221456       1.197504   1.22033984e+09   9.85584192e+08   1.49852224e+09   2.66859800e+06   2.18781300e+06   3.44164200e+06
A3266           1.221456       1.271316       1.246386   1.34202778e+09   1.08590144e+09   1.64528448e+09   3.00672750e+06   2.46595200e+06   3.87749675e+06
A3266           1.271316       1.323211       1.297264   1.47564749e+09   1.19637030e+09   1.80610637e+09   3.38789400e+06   2.77955725e+06   4.36765350e+06
A3266           1.323211       1.377225       1.350218   1.62236941e+09   1.31779302e+09   1.98274291e+09   3.81673850e+06   3.13239350e+06   4.91902000e+06
A3266           1.377225       1.433443       1.405334   1.78350925e+09   1.45112717e+09   2.17648102e+09   4.30042850e+06   3.53090475e+06   5.53954250e+06
A3266           1.433443       1.491956       1.462699   1.96034534e+09   1.59731789e+09   2.38848486e+09   4.84505450e+06   3.97966925e+06   6.24074700e+06
A3266           1.491956       1.552857       1.522407   2.15390822e+09   1.75776538e+09   2.62072678e+09   5.45921050e+06   4.48508800e+06   7.02906250e+06
A3266           1.552857       1.616245       1.584551   2.36617216e+09   1.93453261e+09   2.87504512e+09   6.15119350e+06   5.05560800e+06   7.92052000e+06
A3266           1.616245       1.682220       1.649232   2.59900723e+09   2.12880205e+09   3.15347661e+09   6.93039100e+06   5.69810250e+06   8.92218900e+06
A3266           1.682220       1.750888       1.716554   2.85451622e+09   2.34188083e+09   3.45799680e+09   7.80716950e+06   6.42117700e+06   1.00432150e+07
A3266           1.750888       1.822359       1.786623   3.13475507e+09   2.57593907e+09   3.79052416e+09   8.79485100e+06   7.23575750e+06   1.13028900e+07
A3266           1.822359       1.896748       1.859553   3.44170573e+09   2.83317402e+09   4.15436083e+09   9.90861000e+06   8.15577000e+06   1.27251120e+07
A3266           1.896748       1.974173       1.935460   3.77809331e+09   3.11666176e+09   4.55235379e+09   1.11613480e+07   9.18650800e+06   1.43313060e+07
A3266           1.974173       2.054758       2.014466   4.14672179e+09   3.42616038e+09   4.98883635e+09   1.25739440e+07   1.03526500e+07   1.61317830e+07
A3266           2.054758       2.138633       2.096696   4.55149107e+09   3.76580838e+09   5.46644070e+09   1.41655080e+07   1.16676150e+07   1.81492100e+07
A3266           2.138633       2.225932       2.182283   4.99527936e+09   4.13952666e+09   5.98907136e+09   1.59537030e+07   1.31479160e+07   2.04127860e+07
A3266           2.225932       2.316795       2.271363   5.48066918e+09   4.55022131e+09   6.56000717e+09   1.79638860e+07   1.48144980e+07   2.29597880e+07
A3266           2.316795       2.411366       2.364080   6.01187686e+09   5.00089754e+09   7.18392474e+09   2.02340800e+07   1.66938160e+07   2.58319820e+07
A3266           2.411366       2.509798       2.460582   6.59291392e+09   5.49494938e+09   7.86795418e+09   2.27878720e+07   1.88059200e+07   2.90554160e+07
A3266           2.509798       2.612247       2.561023   7.23031040e+09   6.03666790e+09   8.61409382e+09   2.56549700e+07   2.11858580e+07   3.27003700e+07
A3266           2.612247       2.718879       2.665563   7.92776038e+09   6.62940672e+09   9.42899302e+09   2.88820660e+07   2.38591860e+07   3.67991640e+07
A3266           2.718879       2.829864       2.774371   8.69029990e+09   7.28009011e+09   1.03182244e+10   3.24997420e+07   2.68772260e+07   4.13719200e+07
A3266           2.829864       2.945379       2.887621   9.52540672e+09   7.99455898e+09   1.12907141e+10   3.65862120e+07   3.02660740e+07   4.65018400e+07
A3266           2.945379       3.065609       3.005494   1.04377457e+10   8.77458432e+09   1.23523901e+10   4.11712360e+07   3.40722440e+07   5.22628960e+07
A3266           3.065609       3.190747       3.128178   1.14370693e+10   9.63183821e+09   1.35157770e+10   4.63020160e+07   3.83647080e+07   5.87347680e+07
A3266           3.190747       3.320993       3.255870   1.25316557e+10   1.05673492e+10   1.47814277e+10   5.20861160e+07   4.31937040e+07   6.60241360e+07
A3266           3.320993       3.456555       3.388774   1.37256530e+10   1.15938499e+10   1.61637837e+10   5.85878760e+07   4.86121120e+07   7.40455760e+07
A3266           3.456555       3.597651       3.527103   1.50305905e+10   1.27159716e+10   1.76736010e+10   6.58984040e+07   5.47225880e+07   8.31563520e+07
A3266           3.597651       3.744508       3.671080   1.64567706e+10   1.39424666e+10   1.93228124e+10   7.40665120e+07   6.15645440e+07   9.32913840e+07
A3266           3.744508       3.897358       3.820933   1.80187935e+10   1.52852244e+10   2.11160781e+10   8.32355360e+07   6.92808800e+07   1.04603136e+08
A3266           3.897358       4.056448       3.976903   1.97207654e+10   1.67572326e+10   2.30705521e+10   9.35062240e+07   7.79424880e+07   1.17231632e+08
A3266           4.056448       4.222032       4.139240   2.15785165e+10   1.83620669e+10   2.52009943e+10   1.05038896e+08   8.76855040e+07   1.31330528e+08
A3266           4.222032       4.394375       4.308203   2.36097761e+10   2.01263022e+10   2.75273646e+10   1.18091600e+08   9.86289280e+07   1.47222048e+08
A3266           4.394375       4.573753       4.484064   2.58265293e+10   2.20628419e+10   3.00682527e+10   1.32617920e+08   1.10953304e+08   1.64996864e+08
A3266           4.573753       4.760453       4.667103   2.82481725e+10   2.41699697e+10   3.28363889e+10   1.48876752e+08   1.24816544e+08   1.84661232e+08
A3266           4.760453       4.954774       4.857614   3.08899840e+10   2.64678236e+10   3.58463939e+10   1.66947968e+08   1.40351088e+08   2.06449552e+08
A3266           4.954774       5.157028       5.055901   3.37692037e+10   2.89810207e+10   3.91239762e+10   1.87375376e+08   1.57750816e+08   2.30888816e+08
A3266           5.157028       5.367537       5.262282   3.69116938e+10   3.17252628e+10   4.26994647e+10   2.10157888e+08   1.77297248e+08   2.58139488e+08
A3266           5.367537       5.586640       5.477088   4.03401482e+10   3.47226276e+10   4.65868718e+10   2.35779072e+08   1.99335936e+08   2.88408128e+08
A3266           5.586640       5.814686       5.700663   4.40728658e+10   3.80082749e+10   5.08161761e+10   2.64382560e+08   2.24029424e+08   3.21743584e+08
A3266           5.814686       6.052041       5.933363   4.81498563e+10   4.16018350e+10   5.54275267e+10   2.96099200e+08   2.51789856e+08   3.58706720e+08
A3266           6.052041       6.299085       6.175563   5.25836861e+10   4.55148503e+10   6.04434022e+10   3.31781888e+08   2.82844864e+08   4.00313664e+08
A3266           6.299085       6.556213       6.427649   5.74250844e+10   4.97745388e+10   6.58973614e+10   3.71494784e+08   3.17648000e+08   4.46281504e+08
A3266           6.556213       6.823837       6.690025   6.26992087e+10   5.44440320e+10   7.18354678e+10   4.15824512e+08   3.56404576e+08   4.97133952e+08
A3266           6.823837       7.102386       6.963111   6.84403712e+10   5.95240509e+10   7.82967685e+10   4.65044416e+08   3.99667264e+08   5.53571712e+08
A3266           7.102386       7.392304       7.247345   7.46784850e+10   6.50640015e+10   8.53241283e+10   5.19887968e+08   4.48415168e+08   6.15907968e+08
A3266           7.392304       7.694058       7.543181   8.14837760e+10   7.11057736e+10   9.29546568e+10   5.81139840e+08   5.02794432e+08   6.84566464e+08
A3266           7.694058       8.008128       7.851093   8.88937923e+10   7.76902083e+10   1.01247009e+11   6.49357440e+08   5.63262016e+08   7.60611968e+08
A3266           8.008128       8.335020       8.171575   9.69629286e+10   8.48786391e+10   1.10232510e+11   7.25575296e+08   6.31438080e+08   8.45622272e+08
A3266           8.335020       8.675255       8.505137   1.05721340e+11   9.27129354e+10   1.20000627e+11   8.10211904e+08   7.07750912e+08   9.39795008e+08
A3266           8.675255       9.029378       8.852316   1.15265159e+11   1.01245436e+11   1.30623619e+11   9.03843776e+08   7.93047616e+08   1.04248339e+09
A3266           9.029378       9.397957       9.213667   1.25632594e+11   1.10548713e+11   1.42163984e+11   1.00806483e+09   8.88269568e+08   1.15663117e+09
A3266           9.397957       9.781580       9.589768   1.36932450e+11   1.20667791e+11   1.54692026e+11   1.12452006e+09   9.94822848e+08   1.28104602e+09
A3266           9.781580      10.180863       9.981222   1.49194949e+11   1.31669475e+11   1.68286159e+11   1.25469798e+09   1.11353024e+09   1.41956288e+09
A3266          10.180863      10.596446      10.388655   1.62530525e+11   1.43685353e+11   1.83035396e+11   1.39746470e+09   1.24632525e+09   1.57364634e+09
A3266          10.596446      11.028992      10.812718   1.77001300e+11   1.56745630e+11   1.99063781e+11   1.55720320e+09   1.39525107e+09   1.74450317e+09
A3266          11.028992      11.479195      11.254093   1.92738394e+11   1.70929930e+11   2.16430903e+11   1.73467955e+09   1.56064870e+09   1.93358515e+09
A3266          11.479195      11.947774      11.713485   2.09824432e+11   1.86366132e+11   2.35273306e+11   1.93128333e+09   1.74522957e+09   2.14127539e+09
A3266          11.947774      12.435481      12.191628   2.28423533e+11   2.03193336e+11   2.55631524e+11   2.14869274e+09   1.95165862e+09   2.37171174e+09
A3266          12.435481      12.943097      12.689289   2.48610374e+11   2.21508485e+11   2.77738684e+11   2.39230362e+09   2.18048358e+09   2.62573338e+09
A3266          12.943097      13.471434      13.207265   2.70540341e+11   2.41391796e+11   3.01686260e+11   2.66252800e+09   2.43642112e+09   2.90867712e+09
A3266          13.471434      14.021336      13.746385   2.94299730e+11   2.63008584e+11   3.27635206e+11   2.96495002e+09   2.72290253e+09   3.22229786e+09
A3266          14.021336      14.593686      14.307511   3.19995740e+11   2.86497243e+11   3.55789799e+11   3.29811200e+09   3.04179942e+09   3.56723635e+09
A3266          14.593686      15.189399      14.891542   3.47880260e+11   3.12005820e+11   3.86278851e+11   3.66909747e+09   3.39985306e+09   3.95045811e+09
A3266          15.189399      15.809429      15.499414   3.78140754e+11   3.39665748e+11   4.19381248e+11   4.08186522e+09   3.79961190e+09   4.37807258e+09
A3266          15.809429      16.454769      16.132099   4.10963870e+11   3.69724850e+11   4.55193788e+11   4.54404813e+09   4.24744704e+09   4.85273600e+09
A3266          16.454769      17.126451      16.790609   4.46504960e+11   4.02353783e+11   4.93870449e+11   5.05692518e+09   4.74271488e+09   5.37997210e+09
A3266          17.126451      17.825552      17.476002   4.85031215e+11   4.37747450e+11   5.35799005e+11   5.62921370e+09   5.29845299e+09   5.96452301e+09
A3266          17.825552      18.553190      18.189371   5.26659486e+11   4.76157739e+11   5.80950229e+11   6.26130330e+09   5.91903744e+09   6.61527859e+09
A3266          18.553190      19.310530      18.931860   5.71925791e+11   5.17862654e+11   6.29928296e+11   6.96849357e+09   6.61287578e+09   7.33873613e+09
A3266          19.310530      20.098783      19.704657   6.20901237e+11   5.62985370e+11   6.82809819e+11   7.75483187e+09   7.38407373e+09   8.14908979e+09
A3266          20.098783      20.919214      20.508999   6.73806221e+11   6.11861004e+11   7.39923788e+11   8.63189504e+09   8.24467456e+09   9.04722534e+09
A3266          20.919214      21.773134      21.346174   7.31178729e+11   6.64808260e+11   8.01639236e+11   9.61193472e+09   9.20196301e+09   1.00480420e+10
A3266          21.773134      22.661913      22.217524   7.93263931e+11   7.22105270e+11   8.68493820e+11   1.07050793e+10   1.02749051e+10   1.11588157e+10
A3266          22.661913      23.586969      23.124441   8.60215575e+11   7.84457466e+11   9.40461457e+11   1.19225825e+10   1.14723789e+10   1.24002253e+10
A3266          23.586969      24.549789      24.068378   9.32612014e+11   8.51900432e+11   1.01819613e+12   1.32780544e+10   1.28087716e+10   1.37874084e+10
A3266          24.549789      25.551908      25.050848   1.01092347e+12   9.25025960e+11   1.10201196e+12   1.47967549e+10   1.42968156e+10   1.53241068e+10
A3266          25.551908      26.594936      26.073423   1.09564448e+12   1.00416271e+12   1.19253539e+12   1.64831375e+10   1.59625083e+10   1.70483548e+10
A3266          26.594936      27.680540      27.137737   1.18712736e+12   1.08962185e+12   1.29040554e+12   1.83693947e+10   1.78149274e+10   1.89642691e+10
A3266          27.680540      28.810457      28.245499   1.28609577e+12   1.18225528e+12   1.39602638e+12   2.04758856e+10   1.98792274e+10   2.10934948e+10
A3266          28.810457      29.986498      29.398478   1.39278051e+12   1.28233701e+12   1.50976358e+12   2.28236534e+10   2.21980344e+10   2.34762097e+10
A3266          29.986498      31.210545      30.598520   1.50806095e+12   1.39057915e+12   1.63249901e+12   2.54412882e+10   2.47778959e+10   2.61211709e+10
A3266          31.210545      32.484554      31.847549   1.63246467e+12   1.50736011e+12   1.76466126e+12   2.83641283e+10   2.76575437e+10   2.90686136e+10
A3266          32.484554      33.810574      33.147564   1.76655853e+12   1.63362990e+12   1.90673283e+12   3.16102062e+10   3.08640686e+10   3.23536712e+10
A3266          33.810574      35.190720      34.500645   1.91133503e+12   1.77003273e+12   2.06027175e+12   3.52325263e+10   3.44388526e+10   3.60241480e+10
A3266          35.190720      36.627201      35.908958   2.06725697e+12   1.91753670e+12   2.22504341e+12   3.92696422e+10   3.84216515e+10   4.01062420e+10
A3266          36.627201      38.122318      37.374760   2.23552550e+12   2.07671853e+12   2.40306592e+12   4.37530092e+10   4.28640625e+10   4.46436270e+10
A3266          38.122318      39.678471      38.900394   2.41676819e+12   2.24856192e+12   2.59430679e+12   4.87508296e+10   4.77990625e+10   4.97017364e+10
A3266          39.678471      41.298141      40.488308   2.61238188e+12   2.43395042e+12   2.79994250e+12   5.43104655e+10   5.33060690e+10   5.53194250e+10
A3266          41.298141      42.983929      42.141037   2.82333440e+12   2.63397809e+12   3.02178710e+12   6.04896666e+10   5.94382807e+10   6.15640269e+10
A3266          42.983929      44.738529      43.861229   3.05039357e+12   2.84963006e+12   3.25970192e+12   6.73665843e+10   6.62333481e+10   6.84992717e+10
A3266          44.738529      46.564754      45.651642   3.29419797e+12   3.08210119e+12   3.51607115e+12   7.50062060e+10   7.37855734e+10   7.62184991e+10
A3266          46.564754      48.465523      47.515137   3.55713575e+12   3.33250036e+12   3.79143717e+12   8.34804777e+10   8.21959967e+10   8.47658844e+10
A3266          48.465523      50.443882      49.454704   3.84034118e+12   3.60250579e+12   4.08791155e+12   9.28892764e+10   9.15259965e+10   9.42544404e+10
A3266          50.443882      52.502998      51.473438   4.14472392e+12   3.89304078e+12   4.40502111e+12   1.03308313e+11   1.01854216e+11   1.04769864e+11
A3266          52.502998      54.646164      53.574581   4.47157790e+12   4.20536517e+12   4.74714682e+12   1.14858131e+11   1.13305100e+11   1.16429005e+11
A3266          54.646164      56.876820      55.761490   4.82262909e+12   4.54163746e+12   5.11423807e+12   1.27617270e+11   1.25981549e+11   1.29309950e+11
A3266          56.876820      59.198524      58.037670   5.20005458e+12   4.90412861e+12   5.50695076e+12   1.41753319e+11   1.40010963e+11   1.43564571e+11
A3266          59.198524      61.615005      60.406765   5.60479601e+12   5.29334115e+12   5.92895227e+12   1.57379052e+11   1.55505246e+11   1.59305023e+11
A3266          61.615005      64.130127      62.872566   6.04129041e+12   5.71138795e+12   6.38230515e+12   1.74615167e+11   1.72606030e+11   1.76667623e+11
A3266          64.130127      66.747910      65.439018   6.50868582e+12   6.16296507e+12   6.86805117e+12   1.93623687e+11   1.91481070e+11   1.95761963e+11
A3266          66.747910      69.472557      68.110237   7.01090182e+12   6.64698932e+12   7.38900207e+12   2.14571909e+11   2.12268777e+11   2.16840471e+11
A3266          69.472557      72.308418      70.890488   7.55033755e+12   7.16555472e+12   7.94741283e+12   2.37604225e+11   2.35163550e+11   2.40040722e+11
A3266          72.308418      75.260048      73.784233   8.12848356e+12   7.72256720e+12   8.54627765e+12   2.62929220e+11   2.60301505e+11   2.65533276e+11
A3266          75.260048      78.332153      76.796097   8.74751931e+12   8.32295141e+12   9.18762606e+12   2.90705441e+11   2.87952339e+11   2.93505597e+11
A3266          78.332153      81.529663      79.930908   9.41294512e+12   8.96490642e+12   9.87381524e+12   3.21136099e+11   3.18269850e+11   3.24180279e+11
A3266          81.529663      84.857704      83.193680   1.01251694e+13   9.65620112e+12   1.06076580e+13   3.54516926e+11   3.51450595e+11   3.57727142e+11
A3266          84.857704      88.321587      86.589645   1.08875575e+13   1.03985059e+13   1.13941215e+13   3.90980141e+11   3.87762487e+11   3.94450469e+11
A3266          88.321587      91.926865      90.124229   1.17054206e+13   1.11920179e+13   1.22330871e+13   4.30798012e+11   4.27387585e+11   4.34518950e+11
A3266          91.926865      95.679314      93.803093   1.25788530e+13   1.20413812e+13   1.31319045e+13   4.74275840e+11   4.70582329e+11   4.78193418e+11
A3266          95.679314      99.584938      97.632126   1.35161342e+13   1.29565322e+13   1.40925301e+13   5.21658204e+11   5.17687280e+11   5.25786218e+11
A3266          99.584938     103.649986     101.617462   1.45180307e+13   1.39334884e+13   1.51202048e+13   5.73138076e+11   5.68907596e+11   5.77499562e+11
A3266         103.649986     107.880966     105.765480   1.55878813e+13   1.49814541e+13   1.62148511e+13   6.29099725e+11   6.24602644e+11   6.33724600e+11
A3266         107.880966     112.284660     110.082817   1.67332932e+13   1.61013333e+13   1.73878123e+13   6.89849238e+11   6.84958220e+11   6.94725444e+11
A3266         112.284660     116.868111     114.576385   1.79562307e+13   1.73011380e+13   1.86397911e+13   7.55714294e+11   7.50408761e+11   7.60901206e+11
A3266         116.868111     121.638664     119.253387   1.92675169e+13   1.85831092e+13   1.99760313e+13   8.27007107e+11   8.21342503e+11   8.32573997e+11
A3266         121.638664     126.603943     124.121300   2.06627039e+13   1.99534387e+13   2.14021198e+13   9.04083538e+11   8.98035876e+11   9.10171963e+11
A3266         126.603943     131.771912     129.187927   2.21550226e+13   2.14175884e+13   2.29220014e+13   9.87456602e+11   9.80931314e+11   9.93968849e+11
A3266         131.771912     137.150818     134.461365   2.37508504e+13   2.29834563e+13   2.45451362e+13   1.07752096e+12   1.07047866e+12   1.08444700e+12
A3266         137.150818     142.749313     139.950073   2.54523914e+13   2.46547124e+13   2.62749678e+13   1.17470947e+12   1.16734165e+12   1.18219289e+12
A3266         142.749313     148.576324     145.662811   2.72658889e+13   2.64398879e+13   2.81200736e+13   1.27963143e+12   1.27180236e+12   1.28765107e+12
A3266         148.576324     154.641205     151.608765   2.91996225e+13   2.83445339e+13   3.00832659e+13   1.39296545e+12   1.38467318e+12   1.40151580e+12
A3266         154.641205     160.953644     157.797424   3.12600848e+13   3.03711734e+13   3.21783983e+13   1.51534725e+12   1.50636436e+12   1.52438361e+12
A3266         160.953644     167.523758     164.238693   3.34557694e+13   3.25379236e+13   3.44057960e+13   1.64748054e+12   1.63783574e+12   1.65706845e+12
A3266         167.523758     174.362061     170.942917   3.57998065e+13   3.48470913e+13   3.67754016e+13   1.79024193e+12   1.77991490e+12   1.80030892e+12
A3266         174.362061     181.479507     177.920792   3.82921962e+13   3.73109975e+13   3.92927306e+13   1.94470727e+12   1.93376328e+12   1.95549672e+12
A3266         181.479507     188.887497     185.183502   4.09396199e+13   3.99303990e+13   4.19749377e+13   2.11224468e+12   2.10033679e+12   2.12362566e+12
A3266         188.887497     196.597870     192.742676   4.37627304e+13   4.27226646e+13   4.48278571e+13   2.29364544e+12   2.28106935e+12   2.30602624e+12
A3266         196.597870     204.622971     200.610413   4.67675633e+13   4.56927604e+13   4.78531331e+13   2.49078638e+12   2.47769098e+12   2.50367548e+12
A3266         204.622971     212.975662     208.799316   4.99558258e+13   4.88554333e+13   5.10794798e+13   2.70513288e+12   2.69117424e+12   2.71860367e+12
A3266         212.975662     221.669312     217.322495   5.33453435e+13   5.22246255e+13   5.45034454e+13   2.93871917e+12   2.92375993e+12   2.95282174e+12
A3266         221.669312     230.717850     226.193588   5.69522059e+13   5.58040571e+13   5.81420502e+13   3.19355041e+12   3.17767261e+12   3.20865357e+12
A3266         230.717850     240.135727     235.426788   6.07831573e+13   5.96169898e+13   6.20036872e+13   3.47217435e+12   3.45519581e+12   3.48817090e+12
A3266         240.135727     249.938049     245.036896   6.48522530e+13   6.36566582e+13   6.60987036e+13   3.77730918e+12   3.75938823e+12   3.79395795e+12
A3266         249.938049     260.140503     255.039276   6.91656374e+13   6.79476367e+13   7.04354588e+13   4.11191581e+12   4.09259842e+12   4.12948260e+12
A3266         260.140503     270.759430     265.449951   7.37440013e+13   7.25041650e+13   7.50406200e+13   4.47855460e+12   4.45878161e+12   4.49753121e+12
A3266         270.759430     281.811798     276.285614   7.86010640e+13   7.73325723e+13   7.99129500e+13   4.88145840e+12   4.86053249e+12   4.90175463e+12
A3266         281.811798     293.315338     287.563568   8.37442706e+13   8.24522907e+13   8.50783193e+13   5.32428095e+12   5.30289315e+12   5.34629424e+12
A3266         293.315338     305.288452     299.301880   8.92011524e+13   8.78810875e+13   9.05461063e+13   5.81175817e+12   5.78909268e+12   5.83503656e+12
A3266         305.288452     317.750305     311.519379   9.49789823e+13   9.36419221e+13   9.63280886e+13   6.34807648e+12   6.32419464e+12   6.37269285e+12
A3266         317.750305     330.720825     324.235565   1.01095360e+14   9.97676695e+13   1.02458592e+14   6.93792827e+12   6.91330823e+12   6.96413743e+12
A3266         330.720825     344.220825     337.470825   1.07559118e+14   1.06237258e+14   1.08954529e+14   7.58714047e+12   7.56078661e+12   7.61434577e+12
A3266         344.220825     358.271912     351.246368   1.14412585e+14   1.13073017e+14   1.15795347e+14   8.30093761e+12   8.27272620e+12   8.32902739e+12
A3266         358.271912     372.896545     365.584229   1.21663698e+14   1.20312084e+14   1.23056089e+14   9.08513405e+12   9.05563341e+12   9.11433164e+12
A3266         372.896545     388.118134     380.507324   1.29317816e+14   1.27953006e+14   1.30723772e+14   9.94607366e+12   9.91487538e+12   9.97684622e+12
A3266         388.118134     403.961090     396.039612   1.37416891e+14   1.36045606e+14   1.38815088e+14   1.08906372e+13   1.08575955e+13   1.09226618e+13
A3266         403.961090     420.450745     412.205933   1.45976291e+14   1.44600694e+14   1.47358331e+14   1.19249232e+13   1.18910196e+13   1.19583948e+13
A3266         420.450745     437.613525     429.032135   1.55002635e+14   1.53623883e+14   1.56395949e+14   1.30562004e+13   1.30212367e+13   1.30913696e+13
A3266         437.613525     455.476868     446.545197   1.64533386e+14   1.63145826e+14   1.65923378e+14   1.42924243e+13   1.42553026e+13   1.43285708e+13
A3266         455.476868     474.069397     464.773132   1.74588156e+14   1.73172914e+14   1.75983567e+14   1.56396935e+13   1.56011961e+13   1.56773080e+13
A3266         474.069397     493.420868     483.745148   1.85203671e+14   1.83782624e+14   1.86599971e+14   1.71066492e+13   1.70654171e+13   1.71459331e+13
A3266         493.420868     513.562256     503.491577   1.96383320e+14   1.94941687e+14   1.97803813e+14   1.86993795e+13   1.86567025e+13   1.87400370e+13
A3266         513.562256     534.525879     524.044067   2.08166680e+14   2.06714729e+14   2.09612557e+14   2.04257865e+13   2.03803433e+13   2.04686586e+13
A3266         534.525879     556.345154     545.435486   2.20570696e+14   2.19089084e+14   2.22037495e+14   2.22927006e+13   2.22442753e+13   2.23391064e+13
A3266         556.345154     579.055115     567.700134   2.33648452e+14   2.32104428e+14   2.35159123e+14   2.43072269e+13   2.42564465e+13   2.43570049e+13
A3266         579.055115     602.692139     590.873596   2.47387398e+14   2.45804502e+14   2.48949508e+14   2.64754577e+13   2.64221921e+13   2.65284254e+13
A3266         602.692139     627.293945     614.993042   2.61835048e+14   2.60182609e+14   2.63487167e+14   2.88026106e+13   2.87456688e+13   2.88584704e+13
A3266         627.293945     652.900024     640.096985   2.77037957e+14   2.75294871e+14   2.78806879e+14   3.12942893e+13   3.12326750e+13   3.13534605e+13
A3266         652.900024     679.551392     666.225708   2.93010051e+14   2.91213949e+14   2.94897320e+14   3.39541261e+13   3.38882021e+13   3.40169526e+13
A3266         679.551392     707.290588     693.421021   3.09784952e+14   3.07913017e+14   3.11822410e+14   3.67854805e+13   3.67159432e+13   3.68536170e+13
A3266         707.290588     736.162170     721.726379   3.27433945e+14   3.25386655e+14   3.29591697e+14   3.97909762e+13   3.97166783e+13   3.98644017e+13
A3266         736.162170     766.212280     751.187195   3.45938007e+14   3.43735561e+14   3.48273529e+14   4.29720370e+13   4.28928989e+13   4.30505208e+13
A3266         766.212280     797.488953     781.850586   3.65337132e+14   3.62977987e+14   3.67848279e+14   4.63275850e+13   4.62424197e+13   4.64125994e+13
A3266         797.488953     830.042419     813.765686   3.85688265e+14   3.83087662e+14   3.88411307e+14   4.98572974e+13   4.97664194e+13   4.99479405e+13
A3266         830.042419     863.924683     846.983521   4.07011368e+14   4.04181353e+14   4.09960702e+14   5.35584058e+13   5.34610266e+13   5.36543295e+13
A3266         863.924683     899.190002     881.557373   4.29373182e+14   4.26272853e+14   4.32624506e+14   5.74261916e+13   5.73205664e+13   5.75297489e+13
A3266         899.190002     935.894897     917.542480   4.52780184e+14   4.49397964e+14   4.56309036e+14   6.14562382e+13   6.13443887e+13   6.15653363e+13
A3266         935.894897     974.098022     954.996460   4.77284012e+14   4.73655771e+14   4.81117270e+14   6.56440327e+13   6.55232283e+13   6.57591160e+13
A3266         974.098022    1013.860657     993.979370   5.02887487e+14   4.98931956e+14   5.07139840e+14   6.99783677e+13   6.98513516e+13   7.01018396e+13
A3266        1013.860657    1055.246338    1034.553467   5.29712376e+14   5.25377647e+14   5.34378824e+14   7.44559173e+13   7.43188139e+13   7.45872745e+13
A3266        1055.246338    1098.321411    1076.783936   5.57764082e+14   5.53012607e+14   5.62853854e+14   7.90622613e+13   7.89142863e+13   7.92035255e+13
A3266        1098.321411    1143.154785    1120.738159   5.87078207e+14   5.81808685e+14   5.92575296e+14   8.37906093e+13   8.36325763e+13   8.39403711e+13
A3266        1143.154785    1189.818359    1166.486572   6.17678910e+14   6.11896944e+14   6.23607575e+14   8.86314652e+13   8.84598762e+13   8.87873423e+13
A3266        1189.818359    1238.386597    1214.102539   6.49524415e+14   6.43295168e+14   6.56085782e+14   9.35710299e+13   9.33853397e+13   9.37364281e+13
A3266        1238.386597    1288.937500    1263.662109   6.82843965e+14   6.76017786e+14   6.89959451e+14   9.85990441e+13   9.84012743e+13   9.87805820e+13
A3266        1288.937500    1341.551758    1315.244629   7.17529383e+14   7.10179755e+14   7.25377295e+14   1.03704586e+14   1.03484637e+14   1.03904193e+14
A3266        1341.551758    1396.313843    1368.932861   7.53685693e+14   7.45769666e+14   7.62198519e+14   1.08881003e+14   1.08640728e+14   1.09099627e+14
A3266        1396.313843    1453.311279    1424.812622   7.91470936e+14   7.82741818e+14   8.00709612e+14   1.14115738e+14   1.13850867e+14   1.14355870e+14
A3266        1453.311279    1512.635376    1482.973267   8.30706335e+14   8.21200968e+14   8.40748304e+14   1.19394076e+14   1.19098772e+14   1.19663158e+14
A3266        1512.635376    1574.380981    1543.508179   8.71531878e+14   8.61154499e+14   8.82372308e+14   1.24713242e+14   1.24382186e+14   1.25011667e+14
A3266        1574.380981    1638.647095    1606.514038   9.14031854e+14   9.02725420e+14   9.25674169e+14   1.30056819e+14   1.29693987e+14   1.30393286e+14
A3266        1638.647095    1705.536499    1672.091797   9.58263575e+14   9.45906686e+14   9.70748911e+14   1.35427198e+14   1.35018773e+14   1.35801942e+14
A3266        1705.536499    1775.156372    1740.346436   1.00434119e+15   9.90760371e+14   1.01771975e+15   1.40810637e+14   1.40352384e+14   1.41231410e+14
A3266        1775.156372    1847.618164    1811.387329   1.05216881e+15   1.03743425e+15   1.06644165e+15   1.46202348e+14   1.45692002e+14   1.46678116e+14
A3266        1847.618164    1923.037842    1885.328003   1.10173280e+15   1.08573210e+15   1.11708851e+15   1.51593958e+14   1.51032609e+14   1.52138261e+14
A3266        1923.037842    2001.536011    1962.286987   1.15312758e+15   1.13594892e+15   1.16978333e+15   1.56991071e+14   1.56365163e+14   1.57603607e+14
A3266        2001.536011    2083.238525    2042.387329   1.20646557e+15   1.18785629e+15   1.22440632e+15   1.62383687e+14   1.61692483e+14   1.63071922e+14
A3266        2083.238525    2168.276367    2125.757324   1.26186367e+15   1.24150378e+15   1.28093977e+15   1.67780700e+14   1.66998563e+14   1.68557132e+14
A3266        2168.276367    2256.785156    2212.530762   1.31919813e+15   1.29729527e+15   1.33938394e+15   1.73163619e+14   1.72295566e+14   1.74038802e+14
A3266        2256.785156    2348.906982    2302.845947   1.37841929e+15   1.35485643e+15   1.40019209e+15   1.78544190e+14   1.77573259e+14   1.79533441e+14
A3266        2348.906982    2444.789062    2396.847900   1.43990228e+15   1.41430938e+15   1.46306209e+15   1.83913637e+14   1.82832865e+14   1.85037845e+14
A3266        2444.789062    2544.585205    2494.687256   1.50332875e+15   1.47603356e+15   1.52830761e+15   1.89280920e+14   1.88063632e+14   1.90564310e+14
A3266        2544.585205    2648.455078    2596.520020   1.56917221e+15   1.53949586e+15   1.59588100e+15   1.94648908e+14   1.93277018e+14   1.96129178e+14
A3266        2648.455078    2756.564697    2702.509766   1.63718221e+15   1.60512229e+15   1.66531679e+15   1.99999363e+14   1.98479431e+14   2.01719565e+14
A3266        2756.564697    2869.087402    2812.826172   1.70736989e+15   1.67290332e+15   1.73734554e+15   2.05353375e+14   2.03655806e+14   2.07320773e+14
A3266        2869.087402    2986.203369    2927.645508   1.77972922e+15   1.74273049e+15   1.81164539e+15   2.10730775e+14   2.08804046e+14   2.12936912e+14
RXC1825         0.000000       1.040592       0.520296   1.55548915e+09   8.28441984e+08   2.90110387e+09   1.16873038e+06   9.31614562e+05   1.50381638e+06
RXC1825         1.040592       1.082832       1.061712   1.70595494e+09   9.13745920e+08   3.16210739e+09   1.31632438e+06   1.04949338e+06   1.69304488e+06
RXC1825         1.082832       1.126786       1.104809   1.87085312e+09   1.00776026e+09   3.44609459e+09   1.48258462e+06   1.18228950e+06   1.90609025e+06
RXC1825         1.126786       1.172524       1.149655   2.05098560e+09   1.11125939e+09   3.75499366e+09   1.66983912e+06   1.33188712e+06   2.14638775e+06
RXC1825         1.172524       1.220119       1.196322   2.24817510e+09   1.22501824e+09   4.09188301e+09   1.88068775e+06   1.50033912e+06   2.41716600e+06
RXC1825         1.220119       1.269646       1.244883   2.46397338e+09   1.34953728e+09   4.45668915e+09   2.11813800e+06   1.69008938e+06   2.72144400e+06
RXC1825         1.269646       1.321184       1.295415   2.69956147e+09   1.48657613e+09   4.85430682e+09   2.38543375e+06   1.90391050e+06   3.06386425e+06
RXC1825         1.321184       1.374813       1.347998   2.95657267e+09   1.63867430e+09   5.28600678e+09   2.68641175e+06   2.14474025e+06   3.44925775e+06
RXC1825         1.374813       1.430619       1.402716   3.23885210e+09   1.80684096e+09   5.75515392e+09   3.02543925e+06   2.41600525e+06   3.88368625e+06
RXC1825         1.430619       1.488691       1.459655   3.54781184e+09   1.99061658e+09   6.26527283e+09   3.40712425e+06   2.72154275e+06   4.37231900e+06
RXC1825         1.488691       1.549120       1.518906   3.88581120e+09   2.19224755e+09   6.81911859e+09   3.83626875e+06   3.06567200e+06   4.92202800e+06
RXC1825         1.549120       1.612002       1.580561   4.25564109e+09   2.41405312e+09   7.42047539e+09   4.31926450e+06   3.45254275e+06   5.53965600e+06
RXC1825         1.612002       1.677436       1.644719   4.65873050e+09   2.65842765e+09   8.07715533e+09   4.86399450e+06   3.88808300e+06   6.23489700e+06
RXC1825         1.677436       1.745526       1.711481   5.09982976e+09   2.92596122e+09   8.78933811e+09   5.47624750e+06   4.37886750e+06   7.01745500e+06
RXC1825         1.745526       1.816381       1.780954   5.58172160e+09   3.22122880e+09   9.55864166e+09   6.16600100e+06   4.93207300e+06   7.89725300e+06
RXC1825         1.816381       1.890111       1.853246   6.11012096e+09   3.54596429e+09   1.03952538e+10   6.94354500e+06   5.55523650e+06   8.88570300e+06
RXC1825         1.890111       1.966834       1.928473   6.68330803e+09   3.90127002e+09   1.12978330e+10   7.81749850e+06   6.25749700e+06   1.00008090e+07
RXC1825         1.966834       2.046672       2.006753   7.30593229e+09   4.28967142e+09   1.22847672e+10   8.79780800e+06   7.04786550e+06   1.12548780e+07
RXC1825         2.046672       2.129750       2.088211   7.98667725e+09   4.71766579e+09   1.33540280e+10   9.90405600e+06   7.93585100e+06   1.26628020e+07
RXC1825         2.129750       2.216201       2.172976   8.72739533e+09   5.18736794e+09   1.45235261e+10   1.11471650e+07   8.93699600e+06   1.42495910e+07
RXC1825         2.216201       2.306161       2.261181   9.54169037e+09   5.70102067e+09   1.57862226e+10   1.25450800e+07   1.00641110e+07   1.60266380e+07
RXC1825         2.306161       2.399772       2.352967   1.04285317e+10   6.26611302e+09   1.71585341e+10   1.41215580e+07   1.13328700e+07   1.80302100e+07
RXC1825         2.399772       2.497184       2.448478   1.13995827e+10   6.88805530e+09   1.86427843e+10   1.58944010e+07   1.27595240e+07   2.02849800e+07
RXC1825         2.497184       2.598549       2.547867   1.24523356e+10   7.56473344e+09   2.02583859e+10   1.78836500e+07   1.43685210e+07   2.28116720e+07
RXC1825         2.598549       2.704030       2.651289   1.36049910e+10   8.30653286e+09   2.19952189e+10   2.01242120e+07   1.61776670e+07   2.56368280e+07
RXC1825         2.704030       2.813792       2.758910   1.48636099e+10   9.11716966e+09   2.38845563e+10   2.26457020e+07   1.82125660e+07   2.88122200e+07
RXC1825         2.813792       2.928009       2.870900   1.62206966e+10   1.00076780e+10   2.59313828e+10   2.54744740e+07   2.05040880e+07   3.23877580e+07
RXC1825         2.928009       3.046862       2.987435   1.76984842e+10   1.09850563e+10   2.81449574e+10   2.86597640e+07   2.30838520e+07   3.63945200e+07
RXC1825         3.046862       3.170540       3.108701   1.93113068e+10   1.20528916e+10   3.05475011e+10   3.22288120e+07   2.59799700e+07   4.09076440e+07
RXC1825         3.170540       3.299239       3.234890   2.10659348e+10   1.32252303e+10   3.31543695e+10   3.62439000e+07   2.92271060e+07   4.59499880e+07
RXC1825         3.299239       3.433161       3.366200   2.29775749e+10   1.45150208e+10   3.59745905e+10   4.07284800e+07   3.29018220e+07   5.15587880e+07
RXC1825         3.433161       3.572520       3.502841   2.50578534e+10   1.59276667e+10   3.90261596e+10   4.57664560e+07   3.70227360e+07   5.78896520e+07
RXC1825         3.572520       3.717535       3.645028   2.73255117e+10   1.74715433e+10   4.23394345e+10   5.14314600e+07   4.16570920e+07   6.49926920e+07
RXC1825         3.717535       3.868437       3.792986   2.97897636e+10   1.91523328e+10   4.59023647e+10   5.77800280e+07   4.68789400e+07   7.29058880e+07
RXC1825         3.868437       4.025465       3.946951   3.24701614e+10   2.09903329e+10   4.97528177e+10   6.49030000e+07   5.27194120e+07   8.16938080e+07
RXC1825         4.025465       4.188866       4.107165   3.53997660e+10   2.30099354e+10   5.39256054e+10   7.28684000e+07   5.92962920e+07   9.16090880e+07
RXC1825         4.188866       4.358900       4.273883   3.85649336e+10   2.52194898e+10   5.84349778e+10   8.18287680e+07   6.67157440e+07   1.02728640e+08
RXC1825         4.358900       4.535837       4.447368   4.20224655e+10   2.76297748e+10   6.33091031e+10   9.18580800e+07   7.49598320e+07   1.15132008e+08
RXC1825         4.535837       4.719955       4.627896   4.57669755e+10   3.02527324e+10   6.85763748e+10   1.03076840e+08   8.43191760e+07   1.29010912e+08
RXC1825         4.719955       4.911547       4.815751   4.98846638e+10   3.31253146e+10   7.42649938e+10   1.15603000e+08   9.47516800e+07   1.44492944e+08
RXC1825         4.911547       5.110916       5.011231   5.43268168e+10   3.62619740e+10   8.04163912e+10   1.29649152e+08   1.06466112e+08   1.61659600e+08
RXC1825         5.110916       5.318378       5.214647   5.91249859e+10   3.96953068e+10   8.70750208e+10   1.45395568e+08   1.19634784e+08   1.80782048e+08
RXC1825         5.318378       5.534262       5.426320   6.43150193e+10   4.34311168e+10   9.42592246e+10   1.62926016e+08   1.34404848e+08   2.02225168e+08
RXC1825         5.534262       5.758908       5.646585   6.99667415e+10   4.75059241e+10   1.02046523e+11   1.82528416e+08   1.50781424e+08   2.26062752e+08
RXC1825         5.758908       5.992673       5.875791   7.61558630e+10   5.19608648e+10   1.10461903e+11   2.04447920e+08   1.69437808e+08   2.52591920e+08
RXC1825         5.992673       6.235928       6.114300   8.28349235e+10   5.68176108e+10   1.19499874e+11   2.28962064e+08   1.90277808e+08   2.81839520e+08
RXC1825         6.235928       6.489056       6.362492   9.00805100e+10   6.21040189e+10   1.29267499e+11   2.56299872e+08   2.13744592e+08   3.14352224e+08
RXC1825         6.489056       6.752459       6.620758   9.79148964e+10   6.78766879e+10   1.39745870e+11   2.86652928e+08   2.39732480e+08   3.50317280e+08
RXC1825         6.752459       7.026555       6.889507   1.06397770e+11   7.41453005e+10   1.51017783e+11   3.20508064e+08   2.68877728e+08   3.90485024e+08
RXC1825         7.026555       7.311776       7.169165   1.15641991e+11   8.09734717e+10   1.63250848e+11   3.58228384e+08   3.01414752e+08   4.34943232e+08
RXC1825         7.311776       7.608575       7.460176   1.25634961e+11   8.84212531e+10   1.76411247e+11   4.00578240e+08   3.37726880e+08   4.84281088e+08
RXC1825         7.608575       7.917422       7.762999   1.36339874e+11   9.65159649e+10   1.90675927e+11   4.47363584e+08   3.78574624e+08   5.38499584e+08
RXC1825         7.917422       8.238806       8.078114   1.48109722e+11   1.05312895e+11   2.06022115e+11   4.99760064e+08   4.23872384e+08   5.98102208e+08
RXC1825         8.238806       8.573235       8.406020   1.60882196e+11   1.14914296e+11   2.22397284e+11   5.57863040e+08   4.74801696e+08   6.64768640e+08
RXC1825         8.573235       8.921239       8.747237   1.74627979e+11   1.25388194e+11   2.40010265e+11   6.22510336e+08   5.31402304e+08   7.38261312e+08
RXC1825         8.921239       9.283369       9.102304   1.89483057e+11   1.36676098e+11   2.58982068e+11   6.94260288e+08   5.94838400e+08   8.20039424e+08
RXC1825         9.283369       9.660199       9.471785   2.05622919e+11   1.48970586e+11   2.79509303e+11   7.73996928e+08   6.65945472e+08   9.09640384e+08
RXC1825         9.660199      10.052325       9.856262   2.22966858e+11   1.62400829e+11   3.01551387e+11   8.62321536e+08   7.44826112e+08   1.00832755e+09
RXC1825        10.052325      10.460369      10.256347   2.41873895e+11   1.77070998e+11   3.25390926e+11   9.60868096e+08   8.33347520e+08   1.11792704e+09
RXC1825        10.460369      10.884975      10.672672   2.62212583e+11   1.92929923e+11   3.50953341e+11   1.06972090e+09   9.30902912e+08   1.23986880e+09
RXC1825        10.884975      11.326818      11.105897   2.84081652e+11   2.10163368e+11   3.78523681e+11   1.19012275e+09   1.03989568e+09   1.37085120e+09
RXC1825        11.326818      11.786595      11.556706   3.07600884e+11   2.28964958e+11   4.08136614e+11   1.32307213e+09   1.16047731e+09   1.51852134e+09
RXC1825        11.786595      12.265036      12.025816   3.33115490e+11   2.49381732e+11   4.39919378e+11   1.47258458e+09   1.29651571e+09   1.67851021e+09
RXC1825        12.265036      12.762897      12.513967   3.60752710e+11   2.71545762e+11   4.74107347e+11   1.63770790e+09   1.44796544e+09   1.85631501e+09
RXC1825        12.762897      13.280969      13.021933   3.90540820e+11   2.95522599e+11   5.10520459e+11   1.82091942e+09   1.61654003e+09   2.05255411e+09
RXC1825        13.280969      13.820068      13.550519   4.22740918e+11   3.21526465e+11   5.49909823e+11   2.02314739e+09   1.80291558e+09   2.26731110e+09
RXC1825        13.820068      14.381052      14.100560   4.57543614e+11   3.49634396e+11   5.92040362e+11   2.24655130e+09   2.01114419e+09   2.50585216e+09
RXC1825        14.381052      14.964807      14.672930   4.95109702e+11   3.80343517e+11   6.37592076e+11   2.49408230e+09   2.24366899e+09   2.76986445e+09
RXC1825        14.964807      15.572257      15.268532   5.35710106e+11   4.13561455e+11   6.86445625e+11   2.76604058e+09   2.49927603e+09   3.05885747e+09
RXC1825        15.572257      16.204365      15.888311   5.79285942e+11   4.49433240e+11   7.38812035e+11   3.06912128e+09   2.78397645e+09   3.37676083e+09
RXC1825        16.204365      16.862133      16.533249   6.26118623e+11   4.88247132e+11   7.95032355e+11   3.40317286e+09   3.10157747e+09   3.73015501e+09
RXC1825        16.862133      17.546598      17.204365   6.76879598e+11   5.30278515e+11   8.55189160e+11   3.77389389e+09   3.45252890e+09   4.12269901e+09
RXC1825        17.546598      18.258850      17.902723   7.31571618e+11   5.75518015e+11   9.19716299e+11   4.18529485e+09   3.84291226e+09   4.55407565e+09
RXC1825        18.258850      19.000011      18.629431   7.90535078e+11   6.24909353e+11   9.88561867e+11   4.64249754e+09   4.27924710e+09   5.03578266e+09
RXC1825        19.000011      19.771259      19.385635   8.54031401e+11   6.78402851e+11   1.06271546e+12   5.14818048e+09   4.75948237e+09   5.56621824e+09
RXC1825        19.771259      20.573812      20.172535   9.22489651e+11   7.35765922e+11   1.14186990e+12   5.70822656e+09   5.29496064e+09   6.15232358e+09
RXC1825        20.573812      21.408943      20.991379   9.96338172e+11   7.97908468e+11   1.22794318e+12   6.33234227e+09   5.89612698e+09   6.79612570e+09
RXC1825        21.408943      22.277973      21.843458   1.07527609e+12   8.65501708e+11   1.31920088e+12   7.02046669e+09   6.55542272e+09   7.50867405e+09
RXC1825        22.277973      23.182280      22.730127   1.16031357e+12   9.38113761e+11   1.41676380e+12   7.77696512e+09   7.28587674e+09   8.30172826e+09
RXC1825        23.182280      24.123295      23.652786   1.25160902e+12   1.01654508e+12   1.52108007e+12   8.62181171e+09   8.09922253e+09   9.16898918e+09
RXC1825        24.123295      25.102505      24.612900   1.34970225e+12   1.10144730e+12   1.63229637e+12   9.55579392e+09   9.00792320e+09   1.01323131e+10
RXC1825        25.102505      26.121464      25.611984   1.45489160e+12   1.19279478e+12   1.75138066e+12   1.05951836e+10   1.00105277e+10   1.12006083e+10
RXC1825        26.121464      27.181786      26.651625   1.56734128e+12   1.29127075e+12   1.87873375e+12   1.17451868e+10   1.11267523e+10   1.23931290e+10
RXC1825        27.181786      28.285147      27.733467   1.68862364e+12   1.39707653e+12   2.01524235e+12   1.30151905e+10   1.23701627e+10   1.37072179e+10
RXC1825        28.285147      29.433296      28.859221   1.81827220e+12   1.51127825e+12   2.15911825e+12   1.44234865e+10   1.37398467e+10   1.51615898e+10
RXC1825        29.433296      30.628050      30.030674   1.95695451e+12   1.63529386e+12   2.31428247e+12   1.59783608e+10   1.52648581e+10   1.67735296e+10
RXC1825        30.628050      31.871302      31.249676   2.10607171e+12   1.76747119e+12   2.48160898e+12   1.77058652e+10   1.69533041e+10   1.85624658e+10
RXC1825        31.871302      33.165020      32.518162   2.26688683e+12   1.90980384e+12   2.65886761e+12   1.96323901e+10   1.88195164e+10   2.05426319e+10
RXC1825        33.165020      34.511253      33.838139   2.43901058e+12   2.06331812e+12   2.84790148e+12   2.17606799e+10   2.08927908e+10   2.27281859e+10
RXC1825        34.511253      35.912132      35.211693   2.62221962e+12   2.23012087e+12   3.04916778e+12   2.41248707e+10   2.31791616e+10   2.51475415e+10
RXC1825        35.912132      37.369873      36.641003   2.81910182e+12   2.41015141e+12   3.26437831e+12   2.67371848e+10   2.57247375e+10   2.78063391e+10
RXC1825        37.369873      38.886791      38.128334   3.02912058e+12   2.60176950e+12   3.49453156e+12   2.96124457e+10   2.85334651e+10   3.07618263e+10
RXC1825        38.886791      40.465282      39.676037   3.25516316e+12   2.80661564e+12   3.74040822e+12   3.28074281e+10   3.16445123e+10   3.40223406e+10
RXC1825        40.465282      42.107845      41.286564   3.49615895e+12   3.02670519e+12   4.00161872e+12   3.63402076e+10   3.51041004e+10   3.76406753e+10
RXC1825        42.107845      43.817085      42.962463   3.75469113e+12   3.26635985e+12   4.27998472e+12   4.02390958e+10   3.89110538e+10   4.16056361e+10
RXC1825        43.817085      45.595703      44.706394   4.03002438e+12   3.52054228e+12   4.57750295e+12   4.45480509e+10   4.31358894e+10   4.60046459e+10
RXC1825        45.595703      47.446522      46.521114   4.32686812e+12   3.79365884e+12   4.89452732e+12   4.93210583e+10   4.78070702e+10   5.08605563e+10
RXC1825        47.446522      49.372471      48.409496   4.64226773e+12   4.08474485e+12   5.23033536e+12   5.45809162e+10   5.29934418e+10   5.62198651e+10
RXC1825        49.372471      51.376595      50.374531   4.98013569e+12   4.39735366e+12   5.58871190e+12   6.03892900e+10   5.87037368e+10   6.21181010e+10
RXC1825        51.376595      53.462070      52.419331   5.33927664e+12   4.73257319e+12   5.97180652e+12   6.68135383e+10   6.50398433e+10   6.86529618e+10
RXC1825        53.462070      55.632198      54.547134   5.72373074e+12   5.09250791e+12   6.37812762e+12   7.39079209e+10   7.20098836e+10   7.58695526e+10
RXC1825        55.632198      57.890415      56.761307   6.13374283e+12   5.47942249e+12   6.80923129e+12   8.17312481e+10   7.97058007e+10   8.38101238e+10
RXC1825        57.890415      60.240299      59.065357   6.56797965e+12   5.89064883e+12   7.27019894e+12   9.03698924e+10   8.82048778e+10   9.25712302e+10
RXC1825        60.240299      62.685574      61.462936   7.03665013e+12   6.33191059e+12   7.76131523e+12   9.99133921e+10   9.75682519e+10   1.02197707e+11
RXC1825        62.685574      65.230103      63.957836   7.53392891e+12   6.80688458e+12   8.27805663e+12   1.10410686e+11   1.07889295e+11   1.12813457e+11
RXC1825        65.230103      67.877914      66.554008   8.06432172e+12   7.31317430e+12   8.82980369e+12   1.21993429e+11   1.19306166e+11   1.24553282e+11
RXC1825        67.877914      70.633217      69.255562   8.62636737e+12   7.85291831e+12   9.41698947e+12   1.34737805e+11   1.31872858e+11   1.37498182e+11
RXC1825        70.633217      73.500351      72.066780   9.22746146e+12   8.42628334e+12   1.00386042e+13   1.48800963e+11   1.45745658e+11   1.51714021e+11
RXC1825        73.500351      76.483871      74.992111   9.86891420e+12   9.03903655e+12   1.06991955e+13   1.64316529e+11   1.61114489e+11   1.67382794e+11
RXC1825        76.483871      79.588501      78.036186   1.05509804e+13   9.69527735e+12   1.13968153e+13   1.81389459e+11   1.77990550e+11   1.84638276e+11
RXC1825        79.588501      82.819153      81.203827   1.12751186e+13   1.03968250e+13   1.21374832e+13   2.00197308e+11   1.96625383e+11   2.03665375e+11
RXC1825        82.819153      86.180946      84.500053   1.20441578e+13   1.11408558e+13   1.29288718e+13   2.20921397e+11   2.17165054e+11   2.24578404e+11
RXC1825        86.180946      89.679199      87.930069   1.28608434e+13   1.19313101e+13   1.37663779e+13   2.43809092e+11   2.39862170e+11   2.47689511e+11
RXC1825        89.679199      93.319450      91.499321   1.37299566e+13   1.27787336e+13   1.46523743e+13   2.69013008e+11   2.64815133e+11   2.73150067e+11
RXC1825        93.319450      97.107468      95.213455   1.46486749e+13   1.36799280e+13   1.55891637e+13   2.96828568e+11   2.92407968e+11   3.01226263e+11
RXC1825        97.107468     101.049248      99.078354   1.56318418e+13   1.46359252e+13   1.65880235e+13   3.27483097e+11   3.22813067e+11   3.32172624e+11
RXC1825       101.049248     105.151031     103.100143   1.66667716e+13   1.56506039e+13   1.76408945e+13   3.61317106e+11   3.56380115e+11   3.66221754e+11
RXC1825       105.151031     109.419319     107.285172   1.77682692e+13   1.67334851e+13   1.87559250e+13   3.98591656e+11   3.93348612e+11   4.03827950e+11
RXC1825       109.419319     113.860863     111.640091   1.89402395e+13   1.78853197e+13   1.99320708e+13   4.39747215e+11   4.34194743e+11   4.45253353e+11
RXC1825       113.860863     118.482689     116.171776   2.01771209e+13   1.91069233e+13   2.11803397e+13   4.85208588e+11   4.79276204e+11   4.90992304e+11
RXC1825       118.482689     123.292137     120.887413   2.14899465e+13   2.04023739e+13   2.25058488e+13   5.35313842e+11   5.29050370e+11   5.41324083e+11
RXC1825       123.292137     128.296799     125.794464   2.28822939e+13   2.17804817e+13   2.39060459e+13   5.90643921e+11   5.84059978e+11   5.96852277e+11
RXC1825       128.296799     133.504623     130.900711   2.43592698e+13   2.32465063e+13   2.53820467e+13   6.51670323e+11   6.44742840e+11   6.58265014e+11
RXC1825       133.504623     138.923828     136.214218   2.59176194e+13   2.47970398e+13   2.69453959e+13   7.18976516e+11   7.11766966e+11   7.25901836e+11
RXC1825       138.923828     144.563019     141.743423   2.75622794e+13   2.64329274e+13   2.85983375e+13   7.93262817e+11   7.85654022e+11   8.00497992e+11
RXC1825       144.563019     150.431107     147.497070   2.93002124e+13   2.81733119e+13   3.03409429e+13   8.75201102e+11   8.67122807e+11   8.82773721e+11
RXC1825       150.431107     156.537399     153.484253   3.11365479e+13   3.00180067e+13   3.21891126e+13   9.65522358e+11   9.57123199e+11   9.73541343e+11
RXC1825       156.537399     162.891556     159.714478   3.30837367e+13   3.19654052e+13   3.41199416e+13   1.06509323e+12   1.05625361e+12   1.07359830e+12
RXC1825       162.891556     169.503647     166.197601   3.51248927e+13   3.40179571e+13   3.61752764e+13   1.17489323e+12   1.16554190e+12   1.18392711e+12
RXC1825       169.503647     176.384125     172.943878   3.72947613e+13   3.61859216e+13   3.83356450e+13   1.29577648e+12   1.28583703e+12   1.30515914e+12
RXC1825       176.384125     183.543900     179.964005   3.95795916e+13   3.84701143e+13   4.06176106e+13   1.42875191e+12   1.41826195e+12   1.43859017e+12
RXC1825       183.543900     190.994293     187.269104   4.19927257e+13   4.08928744e+13   4.30250320e+13   1.57494385e+12   1.56391244e+12   1.58531558e+12
RXC1825       190.994293     198.747131     194.870712   4.45438776e+13   4.34520961e+13   4.55694562e+13   1.73553025e+12   1.72393012e+12   1.74655603e+12
RXC1825       198.747131     206.814667     202.780899   4.72079023e+13   4.61454851e+13   4.82419577e+13   1.91181829e+12   1.89951482e+12   1.92346220e+12
RXC1825       206.814667     215.209671     211.012161   5.00370443e+13   4.89813296e+13   5.10664313e+13   2.10483583e+12   2.09207912e+12   2.11743080e+12
RXC1825       215.209671     223.945450     219.577560   5.30107807e+13   5.19659460e+13   5.40470002e+13   2.31632090e+12   2.30269413e+12   2.32986588e+12
RXC1825       223.945450     233.035828     228.490631   5.61532245e+13   5.51018677e+13   5.71858915e+13   2.54765957e+12   2.53330378e+12   2.56229324e+12
RXC1825       233.035828     242.495209     237.765518   5.94332583e+13   5.84023781e+13   6.04938007e+13   2.80033834e+12   2.78524461e+12   2.81593066e+12
RXC1825       242.495209     252.338547     247.416870   6.28842058e+13   6.18669026e+13   6.39583377e+13   3.07583857e+12   3.05994505e+12   3.09247921e+12
RXC1825       252.338547     262.581451     257.460022   6.65310441e+13   6.55015815e+13   6.76207327e+13   3.37569723e+12   3.35907232e+12   3.39360403e+12
RXC1825       262.581451     273.240143     267.910797   7.03558719e+13   6.93215313e+13   7.14575100e+13   3.70164630e+12   3.68413272e+12   3.72062421e+12
RXC1825       273.240143     284.331512     278.785828   7.43921219e+13   7.33051512e+13   7.54979837e+13   4.05563926e+12   4.03689675e+12   4.07502271e+12
RXC1825       284.331512     295.873077     290.102295   7.86091758e+13   7.74937426e+13   7.97602942e+13   4.43896195e+12   4.41916850e+12   4.45914703e+12
RXC1825       295.873077     307.883118     301.878113   8.30204428e+13   8.18735607e+13   8.42252818e+13   4.85336547e+12   4.83264089e+12   4.87474751e+12
RXC1825       307.883118     320.380707     314.131927   8.76827136e+13   8.64406628e+13   8.89410216e+13   5.30063976e+12   5.27843983e+12   5.32309397e+12
RXC1825       320.380707     333.385590     326.883148   9.25543642e+13   9.12502460e+13   9.38616784e+13   5.78253541e+12   5.75851672e+12   5.80605497e+12
RXC1825       333.385590     346.918335     340.151978   9.76365688e+13   9.62631607e+13   9.90203787e+13   6.30012510e+12   6.27512915e+12   6.32530823e+12
RXC1825       346.918335     361.000427     353.959381   1.02963125e+14   1.01525301e+14   1.04463965e+14   6.85560614e+12   6.82968429e+12   6.88263843e+12
RXC1825       361.000427     375.654144     368.327301   1.08551079e+14   1.07008875e+14   1.10158814e+14   7.45117791e+12   7.42380955e+12   7.47976157e+12
RXC1825       375.654144     390.902679     383.278412   1.14399306e+14   1.12756523e+14   1.16093813e+14   8.08824917e+12   8.05833697e+12   8.11797368e+12
RXC1825       390.902679     406.770172     398.836426   1.20505810e+14   1.18762473e+14   1.22309680e+14   8.76775578e+12   8.73584656e+12   8.79949775e+12
RXC1825       406.770172     423.281769     415.025970   1.26892670e+14   1.25053392e+14   1.28796271e+14   9.49231708e+12   9.45895978e+12   9.52586732e+12
RXC1825       423.281769     440.463593     431.872681   1.33567217e+14   1.31616723e+14   1.35599088e+14   1.02646195e+13   1.02282339e+13   1.02997625e+13
RXC1825       440.463593     458.342865     449.403229   1.40521599e+14   1.38469377e+14   1.42697554e+14   1.10854469e+13   1.10463874e+13   1.11225204e+13
RXC1825       458.342865     476.947876     467.645386   1.47787358e+14   1.45633030e+14   1.50092900e+14   1.19569341e+13   1.19154042e+13   1.19955448e+13
RXC1825       476.947876     496.308136     486.628021   1.55377035e+14   1.53108068e+14   1.57830015e+14   1.28813797e+13   1.28377590e+13   1.29228887e+13
RXC1825       496.308136     516.454224     506.381195   1.63274608e+14   1.60888099e+14   1.65845683e+14   1.38622125e+13   1.38159545e+13   1.39064550e+13
RXC1825       516.454224     537.418091     526.936157   1.71508631e+14   1.69027347e+14   1.74200350e+14   1.49025068e+13   1.48523775e+13   1.49488151e+13
RXC1825       537.418091     559.232971     548.325562   1.80089606e+14   1.77521534e+14   1.82914604e+14   1.60042152e+13   1.59506644e+13   1.60536881e+13
RXC1825       559.232971     581.933289     570.583130   1.88994432e+14   1.86380794e+14   1.91969452e+14   1.71721181e+13   1.71144024e+13   1.72255682e+13
RXC1825       581.933289     605.555115     593.744202   1.98295956e+14   1.95597592e+14   2.01358704e+14   1.84090918e+13   1.83474942e+13   1.84667089e+13
RXC1825       605.555115     630.135742     617.845459   2.07935490e+14   2.05149583e+14   2.11160826e+14   1.97198726e+13   1.96523946e+13   1.97822167e+13
RXC1825       630.135742     655.714233     642.924988   2.17973348e+14   2.15089764e+14   2.21330838e+14   2.11077426e+13   2.10345541e+13   2.11763174e+13
RXC1825       655.714233     682.330933     669.022583   2.28425906e+14   2.25450618e+14   2.31892398e+14   2.25768353e+13   2.24986996e+13   2.26532870e+13
RXC1825       682.330933     710.028076     696.179504   2.39271387e+14   2.36185369e+14   2.42830052e+14   2.41332073e+13   2.40466117e+13   2.42174646e+13
RXC1825       710.028076     738.849487     724.438782   2.50520862e+14   2.47319669e+14   2.54172759e+14   2.57793710e+13   2.56847643e+13   2.58735688e+13
RXC1825       738.849487     768.840820     753.845154   2.62209079e+14   2.58885630e+14   2.65937412e+14   2.75221106e+13   2.74200464e+13   2.76244747e+13
RXC1825       768.840820     800.049561     784.445190   2.74302918e+14   2.70862482e+14   2.78102589e+14   2.93636533e+13   2.92550502e+13   2.94760124e+13
RXC1825       800.049561     832.525085     816.287292   2.86852209e+14   2.83296915e+14   2.90735564e+14   3.13096468e+13   3.11928627e+13   3.14306776e+13
RXC1825       832.525085     866.318909     849.421997   2.99832372e+14   2.96096052e+14   3.03818873e+14   3.33626412e+13   3.32368498e+13   3.34899614e+13
RXC1825       866.318909     901.484497     883.901672   3.13300047e+14   3.09352804e+14   3.17403855e+14   3.55270299e+13   3.53922712e+13   3.56589492e+13
RXC1825       901.484497     938.077454     919.781006   3.27230002e+14   3.22993050e+14   3.31440714e+14   3.78031277e+13   3.76612680e+13   3.79423744e+13
RXC1825       938.077454     976.155884     957.116699   3.41623175e+14   3.37004609e+14   3.46003840e+14   4.01932603e+13   4.00446980e+13   4.03407278e+13
RXC1825       976.155884    1015.779907     995.967896   3.56493325e+14   3.51478716e+14   3.61203562e+14   4.27009591e+13   4.25474224e+13   4.28559890e+13
RXC1825      1015.779907    1057.012451    1036.396118   3.71882562e+14   3.66380105e+14   3.76891131e+14   4.53283466e+13   4.51605535e+13   4.54900077e+13
RXC1825      1057.012451    1099.918579    1078.465454   3.87695088e+14   3.81686060e+14   3.93202645e+14   4.80757835e+13   4.78910035e+13   4.82433544e+13
RXC1825      1099.918579    1144.566406    1122.242554   4.04037908e+14   3.97353463e+14   4.10032542e+14   5.09358962e+13   5.07386171e+13   5.11208189e+13
RXC1825      1144.566406    1191.026611    1167.796509   4.20834385e+14   4.13433216e+14   4.27585670e+14   5.39129377e+13   5.36965074e+13   5.41160511e+13
RXC1825      1191.026611    1239.372681    1215.199585   4.38075222e+14   4.30000180e+14   4.45811834e+14   5.70058762e+13   5.67716075e+13   5.72287867e+13
RXC1825      1239.372681    1289.681152    1264.526978   4.55770185e+14   4.46824540e+14   4.64639259e+14   6.02139399e+13   5.99472619e+13   6.04633207e+13
RXC1825      1289.681152    1342.031860    1315.856567   4.74110400e+14   4.64157720e+14   4.84123446e+14   6.35310933e+13   6.32293887e+13   6.38156643e+13
RXC1825      1342.031860    1396.507568    1369.269653   4.92931450e+14   4.81812149e+14   5.04362405e+14   6.69548827e+13   6.66118348e+13   6.72761664e+13
RXC1825      1396.507568    1453.194458    1424.851074   5.12366647e+14   4.99991437e+14   5.25319967e+14   7.04845154e+13   7.00921844e+13   7.08495456e+13
RXC1825      1453.194458    1512.182495    1482.688477   5.32268955e+14   5.18449663e+14   5.46721587e+14   7.41161870e+13   7.36663311e+13   7.45307856e+13
RXC1825      1512.182495    1573.564941    1542.873657   5.52759774e+14   5.37308294e+14   5.68961767e+14   7.78416685e+13   7.73182781e+13   7.83189384e+13
RXC1825      1573.564941    1637.438965    1605.501953   5.73798638e+14   5.56524984e+14   5.92007756e+14   8.16657832e+13   8.10734385e+13   8.22037195e+13
RXC1825      1637.438965    1703.905762    1670.672363   5.95415007e+14   5.76074769e+14   6.15475994e+14   8.55792366e+13   8.49005899e+13   8.61831577e+13
RXC1825      1703.905762    1773.070557    1738.488159   6.17368061e+14   5.95951341e+14   6.39712696e+14   8.95689257e+13   8.88051430e+13   9.02421618e+13
RXC1825      1773.070557    1845.042969    1809.056763   6.39911472e+14   6.16269892e+14   6.64841342e+14   9.36423834e+13   9.27786336e+13   9.43879461e+13
RXC1825      1845.042969    1919.936890    1882.489868   6.62984506e+14   6.36721721e+14   6.90767643e+14   9.77791919e+13   9.68314134e+13   9.86127679e+13
RXC1825      1919.936890    1997.870850    1958.903809   6.86519988e+14   6.57614455e+14   7.17347451e+14   1.01992203e+14   1.00942393e+14   1.02925074e+14
RXC1825      1997.870850    2078.968262    2038.419556   7.10833798e+14   6.78978495e+14   7.44757261e+14   1.06273614e+14   1.05105148e+14   1.07297334e+14
RXC1825      2078.968262    2163.357666    2121.162842   7.35538449e+14   7.00641907e+14   7.72899699e+14   1.10609308e+14   1.09328124e+14   1.11749278e+14
RXC1825      2163.357666    2251.172607    2207.265137   7.60958012e+14   7.22468126e+14   8.01760940e+14   1.15011909e+14   1.13603361e+14   1.16256384e+14
RXC1825      2251.172607    2342.552002    2296.862305   7.86996788e+14   7.44227101e+14   8.31651228e+14   1.19458912e+14   1.17930415e+14   1.20802213e+14
RXC1825      2342.552002    2437.640625    2390.096436   8.13532036e+14   7.66465771e+14   8.62214349e+14   1.23973434e+14   1.22289203e+14   1.25429042e+14
RXC1825      2437.640625    2536.589355    2487.114990   8.40393164e+14   7.89072130e+14   8.93466679e+14   1.28507686e+14   1.26688751e+14   1.30091682e+14
RXC1825      2536.589355    2639.554443    2588.071777   8.67455686e+14   8.11913840e+14   9.25587397e+14   1.33083605e+14   1.31107920e+14   1.34814879e+14
RXC1825      2639.554443    2746.698975    2693.126709   8.95070715e+14   8.35094516e+14   9.58535769e+14   1.37690008e+14   1.35569049e+14   1.39589046e+14
RXC1825      2746.698975    2858.192871    2802.445801   9.23467965e+14   8.58016555e+14   9.92520436e+14   1.42351943e+14   1.40079863e+14   1.44411749e+14
ZW1215          0.000000       1.040377       0.520189   9.74370640e+07   5.75211240e+07   1.57740688e+08   1.32389425e+06   1.03636725e+06   1.74756200e+06
ZW1215          1.040377       1.082384       1.061381   1.08884840e+08   6.44467640e+07   1.75707424e+08   1.49039088e+06   1.16683750e+06   1.96675388e+06
ZW1215          1.082384       1.126088       1.104236   1.21679776e+08   7.21897920e+07   1.95709056e+08   1.67795550e+06   1.31373462e+06   2.21344300e+06
ZW1215          1.126088       1.171556       1.148822   1.35917968e+08   8.08632160e+07   2.17929872e+08   1.88892300e+06   1.47913075e+06   2.49106625e+06
ZW1215          1.171556       1.218860       1.195208   1.51839936e+08   9.05589920e+07   2.42626976e+08   2.12656850e+06   1.66519788e+06   2.80348650e+06
ZW1215          1.218860       1.268074       1.243467   1.69617760e+08   1.01408400e+08   2.70099616e+08   2.39417500e+06   1.87466038e+06   3.15538025e+06
ZW1215          1.268074       1.319275       1.293675   1.89456128e+08   1.13547472e+08   3.00627040e+08   2.69528925e+06   2.11046025e+06   3.55166650e+06
ZW1215          1.319275       1.372544       1.345910   2.11591088e+08   1.27128632e+08   3.34561088e+08   3.03411950e+06   2.37620125e+06   3.99760550e+06
ZW1215          1.372544       1.427963       1.400253   2.36266320e+08   1.42335024e+08   3.72276448e+08   3.41514225e+06   2.67538525e+06   4.49880850e+06
ZW1215          1.427963       1.485620       1.456792   2.63692880e+08   1.59345472e+08   4.14188224e+08   3.84361650e+06   3.01188225e+06   5.06343850e+06
ZW1215          1.485620       1.545605       1.515613   2.94294912e+08   1.78349728e+08   4.60756416e+08   4.32602850e+06   3.39046750e+06   5.69936900e+06
ZW1215          1.545605       1.608012       1.576809   3.28381952e+08   1.99572768e+08   5.12800032e+08   4.86934450e+06   3.81660825e+06   6.41294150e+06
ZW1215          1.608012       1.672939       1.640476   3.66338272e+08   2.23274864e+08   5.70508864e+08   5.48129200e+06   4.29620750e+06   7.21336000e+06
ZW1215          1.672939       1.740487       1.706713   4.08606432e+08   2.49787072e+08   6.34519040e+08   6.16980550e+06   4.83576600e+06   8.11375100e+06
ZW1215          1.740487       1.810763       1.775625   4.55778016e+08   2.79625984e+08   7.05648512e+08   6.94371600e+06   5.44339800e+06   9.13028500e+06
ZW1215          1.810763       1.883876       1.847320   5.08400320e+08   3.13033472e+08   7.84750016e+08   7.81461600e+06   6.12743200e+06   1.02729150e+07
ZW1215          1.883876       1.959942       1.921909   5.67030272e+08   3.50139424e+08   8.72592896e+08   8.79511900e+06   6.89710150e+06   1.15581060e+07
ZW1215          1.959942       2.039079       1.999510   6.32443456e+08   3.91609856e+08   9.70127360e+08   9.89756900e+06   7.76180300e+06   1.30017470e+07
ZW1215          2.039079       2.121411       2.080245   7.05192064e+08   4.37983712e+08   1.07876518e+09   1.11376490e+07   8.73792500e+06   1.46206670e+07
ZW1215          2.121411       2.207067       2.164239   7.86516416e+08   4.89839744e+08   1.19887898e+09   1.25320770e+07   9.83646900e+06   1.64463440e+07
ZW1215          2.207067       2.296182       2.251625   8.77044864e+08   5.47955136e+08   1.33196646e+09   1.40996030e+07   1.10714620e+07   1.84875520e+07
ZW1215          2.296182       2.388895       2.342539   9.77395392e+08   6.12915648e+08   1.47996045e+09   1.58627420e+07   1.24606060e+07   2.07904380e+07
ZW1215          2.388895       2.485352       2.437123   1.08879232e+09   6.85220416e+08   1.64414464e+09   1.78480340e+07   1.40235370e+07   2.33787620e+07
ZW1215          2.485352       2.585703       2.535527   1.21285299e+09   7.65695936e+08   1.82619546e+09   2.00788840e+07   1.57843250e+07   2.62863000e+07
ZW1215          2.585703       2.690106       2.637905   1.35111258e+09   8.55758976e+08   2.02793805e+09   2.25862300e+07   1.77603620e+07   2.95463460e+07
ZW1215          2.690106       2.798725       2.744416   1.50491750e+09   9.56649472e+08   2.25149901e+09   2.54052780e+07   1.99844320e+07   3.32050760e+07
ZW1215          2.798725       2.911729       2.855227   1.67581184e+09   1.06930560e+09   2.49885952e+09   2.85736440e+07   2.24827120e+07   3.73288440e+07
ZW1215          2.911729       3.029296       2.970513   1.86516531e+09   1.19505139e+09   2.77262669e+09   3.21336800e+07   2.52920100e+07   4.19584280e+07
ZW1215          3.029296       3.151610       3.090453   2.07713856e+09   1.33494579e+09   3.07598438e+09   3.61334720e+07   2.84596600e+07   4.71462360e+07
ZW1215          3.151610       3.278863       3.215237   2.31340928e+09   1.49064768e+09   3.41245978e+09   4.06317200e+07   3.20204320e+07   5.29240520e+07
ZW1215          3.278863       3.411254       3.345059   2.57564109e+09   1.66493581e+09   3.78525082e+09   4.56752760e+07   3.60204040e+07   5.94238880e+07
ZW1215          3.411254       3.548990       3.480122   2.86621747e+09   1.86020224e+09   4.19805952e+09   5.13381040e+07   4.05248520e+07   6.66840440e+07
ZW1215          3.548990       3.692288       3.620640   3.18889114e+09   2.07709133e+09   4.65639066e+09   5.77042760e+07   4.55997360e+07   7.48627120e+07
ZW1215          3.692288       3.841372       3.766830   3.54904550e+09   2.31935795e+09   5.16235110e+09   6.48467200e+07   5.12806480e+07   8.40444080e+07
ZW1215          3.841372       3.996476       3.918924   3.94725120e+09   2.58872141e+09   5.72405811e+09   7.28218880e+07   5.76835360e+07   9.42988640e+07
ZW1215          3.996476       4.157842       4.077159   4.38937344e+09   2.88876160e+09   6.34569728e+09   8.17867280e+07   6.48531240e+07   1.05850976e+08
ZW1215          4.157842       4.325723       4.241783   4.88028467e+09   3.22536781e+09   7.03357696e+09   9.18763920e+07   7.29142960e+07   1.18661256e+08
ZW1215          4.325723       4.500383       4.413053   5.42688051e+09   3.60085606e+09   7.79460608e+09   1.03198448e+08   8.19392480e+07   1.32974712e+08
ZW1215          4.500383       4.682096       4.591239   6.03374694e+09   4.01836211e+09   8.63518310e+09   1.15761480e+08   9.21092400e+07   1.49126144e+08
ZW1215          4.682096       4.871145       4.776620   6.70802227e+09   4.48276275e+09   9.56331827e+09   1.29908432e+08   1.03484920e+08   1.66913856e+08
ZW1215          4.871145       5.067828       4.969486   7.45706086e+09   5.00007424e+09   1.05885727e+10   1.45717216e+08   1.16250624e+08   1.86852752e+08
ZW1215          5.067828       5.272452       5.170140   8.28283443e+09   5.57622374e+09   1.17210419e+10   1.63327472e+08   1.30555880e+08   2.09165664e+08
ZW1215          5.272452       5.485338       5.378895   9.19935283e+09   6.21778739e+09   1.29720699e+10   1.83172288e+08   1.46599712e+08   2.34036528e+08
ZW1215          5.485338       5.706820       5.596079   1.02118359e+10   6.92820224e+09   1.43537848e+10   2.05262560e+08   1.64589872e+08   2.61693792e+08
ZW1215          5.706820       5.937244       5.822032   1.13321441e+10   7.72399718e+09   1.58820966e+10   2.29823888e+08   1.84752272e+08   2.92603232e+08
ZW1215          5.937244       6.176973       6.057109   1.25806121e+10   8.60939776e+09   1.75687885e+10   2.57588608e+08   2.07424480e+08   3.26903360e+08
ZW1215          6.176973       6.426381       6.301677   1.39691438e+10   9.58883328e+09   1.94289132e+10   2.88591200e+08   2.32815328e+08   3.64615648e+08
ZW1215          6.426381       6.685860       6.556120   1.55116472e+10   1.06798193e+10   2.14857687e+10   3.23221920e+08   2.61147904e+08   4.06581760e+08
ZW1215          6.685860       6.955815       6.820837   1.72070973e+10   1.18930893e+10   2.37591368e+10   3.61795776e+08   2.93131136e+08   4.53605760e+08
ZW1215          6.955815       7.236671       7.096243   1.90874911e+10   1.32354478e+10   2.62595994e+10   4.04521920e+08   3.28736736e+08   5.05603552e+08
ZW1215          7.236671       7.528867       7.382769   2.11878257e+10   1.47379251e+10   2.90301522e+10   4.52264256e+08   3.68510432e+08   5.63048384e+08
ZW1215          7.528867       7.832860       7.680863   2.34999153e+10   1.63928934e+10   3.20669123e+10   5.05648064e+08   4.13216032e+08   6.27700352e+08
ZW1215          7.832860       8.149128       7.990994   2.60570501e+10   1.82323016e+10   3.54088714e+10   5.64533440e+08   4.63368192e+08   6.98270912e+08
ZW1215          8.149128       8.478167       8.313647   2.88865239e+10   2.02924524e+10   3.91064248e+10   6.30287552e+08   5.19237664e+08   7.75724992e+08
ZW1215          8.478167       8.820490       8.649328   3.20147968e+10   2.25708339e+10   4.31703286e+10   7.03548608e+08   5.81775744e+08   8.62791232e+08
ZW1215          8.820490       9.176636       8.998563   3.54615132e+10   2.51078451e+10   4.76595118e+10   7.84355904e+08   6.51507712e+08   9.59236096e+08
ZW1215          9.176636       9.547161       9.361898   3.92732590e+10   2.79077028e+10   5.26226432e+10   8.73830784e+08   7.29461056e+08   1.06422739e+09
ZW1215          9.547161       9.932648       9.739904   4.34954404e+10   3.10179430e+10   5.80749517e+10   9.74589504e+08   8.15020928e+08   1.18038886e+09
ZW1215          9.932648      10.333699      10.133173   4.81594286e+10   3.44743526e+10   6.40674734e+10   1.08656243e+09   9.11828480e+08   1.30998182e+09
ZW1215         10.333699      10.750944      10.542321   5.33196390e+10   3.83243059e+10   7.06557542e+10   1.21032192e+09   1.01902189e+09   1.45120243e+09
ZW1215         10.750944      11.185036      10.967990   5.90125302e+10   4.25918095e+10   7.79252777e+10   1.34665805e+09   1.13922547e+09   1.60699277e+09
ZW1215         11.185036      11.636655      11.410845   6.53289841e+10   4.73268797e+10   8.59428700e+10   1.49780237e+09   1.27279437e+09   1.77703846e+09
ZW1215         11.636655      12.106508      11.871582   7.22799985e+10   5.25574472e+10   9.47165266e+10   1.66534144e+09   1.42164915e+09   1.96779469e+09
ZW1215         12.106508      12.595334      12.350922   7.99563694e+10   5.83776993e+10   1.04404025e+11   1.85091418e+09   1.58737024e+09   2.17748531e+09
ZW1215         12.595334      13.103897      12.849615   8.84017152e+10   6.48499937e+10   1.14992407e+11   2.05635533e+09   1.77261274e+09   2.40476032e+09
ZW1215         13.103897      13.632994      13.368445   9.77171497e+10   7.20028795e+10   1.26645535e+11   2.28460262e+09   1.97881498e+09   2.66167782e+09
ZW1215         13.632994      14.183455      13.908224   1.07984339e+11   7.98992138e+10   1.39459346e+11   2.53734989e+09   2.20868710e+09   2.93906586e+09
ZW1215         14.183455      14.756141      14.469798   1.19301308e+11   8.86448620e+10   1.53542459e+11   2.81571072e+09   2.46473933e+09   3.24950938e+09
ZW1215         14.756141      15.351951      15.054046   1.31774792e+11   9.82512435e+10   1.68976679e+11   3.12480794e+09   2.74462336e+09   3.59180186e+09
ZW1215         15.351951      15.971818      15.661884   1.45563877e+11   1.08941271e+11   1.85906561e+11   3.46582349e+09   3.05839667e+09   3.95835648e+09
ZW1215         15.971818      16.616713      16.294266   1.60750813e+11   1.20839651e+11   2.04565758e+11   3.84397875e+09   3.40894003e+09   4.36555725e+09
ZW1215         16.616713      17.287647      16.952181   1.77489674e+11   1.34018638e+11   2.24954761e+11   4.26357299e+09   3.79911424e+09   4.81739469e+09
ZW1215         17.287647      17.985672      17.636660   1.95825091e+11   1.48544504e+11   2.47403626e+11   4.72649779e+09   4.23771878e+09   5.31430912e+09
ZW1215         17.985672      18.711882      18.348778   2.16045748e+11   1.64562780e+11   2.72045097e+11   5.24382720e+09   4.72177766e+09   5.85985331e+09
ZW1215         18.711882      19.467413      19.089647   2.38275150e+11   1.82276506e+11   2.98870079e+11   5.81033421e+09   5.26120448e+09   6.46718874e+09
ZW1215         19.467413      20.253450      19.860432   2.62740214e+11   2.01880125e+11   3.28192459e+11   6.43911782e+09   5.85974067e+09   7.13040998e+09
ZW1215         20.253450      21.071224      20.662338   2.89538736e+11   2.23446565e+11   3.60331018e+11   7.13403546e+09   6.51862989e+09   7.86364621e+09
ZW1215         21.071224      21.922020      21.496622   3.19127486e+11   2.47308829e+11   3.95709841e+11   7.91019622e+09   7.25417421e+09   8.68092518e+09
ZW1215         21.922020      22.807167      22.364594   3.51568593e+11   2.73684513e+11   4.34540904e+11   8.76741222e+09   8.07327283e+09   9.58872576e+09
ZW1215         22.807167      23.728054      23.267611   3.87288203e+11   3.02761181e+11   4.76651749e+11   9.72220416e+09   8.98908672e+09   1.05960663e+10
ZW1215         23.728054      24.686123      24.207088   4.26549379e+11   3.34818345e+11   5.22884514e+11   1.07878595e+10   1.00062669e+10   1.17088246e+10
ZW1215         24.686123      25.682877      25.184500   4.69565145e+11   3.70114232e+11   5.73397926e+11   1.19671081e+10   1.11466435e+10   1.29457439e+10
ZW1215         25.682877      26.719877      26.201376   5.16711875e+11   4.09061556e+11   6.28471890e+11   1.32776202e+10   1.24094679e+10   1.43036426e+10
ZW1215         26.719877      27.798746      27.259312   5.68603378e+11   4.52256301e+11   6.88788865e+11   1.47359355e+10   1.38134282e+10   1.58125455e+10
ZW1215         27.798746      28.921179      28.359962   6.25326490e+11   4.99650789e+11   7.55023675e+11   1.63632486e+10   1.53790095e+10   1.74960415e+10
ZW1215         28.921179      30.088932      29.505056   6.87688974e+11   5.51678444e+11   8.27679638e+11   1.81705912e+10   1.71307110e+10   1.93630126e+10
ZW1215         30.088932      31.303835      30.696384   7.55567231e+11   6.08761545e+11   9.06501620e+11   2.01724211e+10   1.90768353e+10   2.14275318e+10
ZW1215         31.303835      32.567791      31.935814   8.30226170e+11   6.71943361e+11   9.92198590e+11   2.24075735e+10   2.12469903e+10   2.37265060e+10
ZW1215         32.567791      33.882786      33.225288   9.12248275e+11   7.41116674e+11   1.08607819e+12   2.48863846e+10   2.36556329e+10   2.62668370e+10
ZW1215         33.882786      35.250874      34.566830   1.00104870e+12   8.17582178e+11   1.18848107e+12   2.76423414e+10   2.63463854e+10   2.91080438e+10
ZW1215         35.250874      36.674202      35.962536   1.09875154e+12   9.01152702e+11   1.30027028e+12   3.07164570e+10   2.93538673e+10   3.22695926e+10
ZW1215         36.674202      38.154999      37.414600   1.20546905e+12   9.93167213e+11   1.42239465e+12   3.41596856e+10   3.27039857e+10   3.57664276e+10
ZW1215         38.154999      39.695583      38.925293   1.32210242e+12   1.09382107e+12   1.55474225e+12   3.79916083e+10   3.64340838e+10   3.96963062e+10
ZW1215         39.695583      41.298378      40.496983   1.44984769e+12   1.20475746e+12   1.69891987e+12   4.22396969e+10   4.05938135e+10   4.40498831e+10
ZW1215         41.298378      42.965885      42.132130   1.58953085e+12   1.32634811e+12   1.85564765e+12   4.69858550e+10   4.52434043e+10   4.88923095e+10
ZW1215         42.965885      44.700722      43.833305   1.74194373e+12   1.45995937e+12   2.02656422e+12   5.22683924e+10   5.04100700e+10   5.43065211e+10
ZW1215         44.700722      46.505608      45.603165   1.90816190e+12   1.60553199e+12   2.21240597e+12   5.81542953e+10   5.61814323e+10   6.02923090e+10
ZW1215         46.505608      48.383366      47.444489   2.08987580e+12   1.76498829e+12   2.41487236e+12   6.47137280e+10   6.26434171e+10   6.69599334e+10
ZW1215         48.383366      50.336948      49.360157   2.28833886e+12   1.94140203e+12   2.63420851e+12   7.19963341e+10   6.98273710e+10   7.44056750e+10
ZW1215         50.336948      52.369404      51.353176   2.50426792e+12   2.13406004e+12   2.87333129e+12   8.01435812e+10   7.78554900e+10   8.27011482e+10
ZW1215         52.369404      54.483929      53.426666   2.73937518e+12   2.34489722e+12   3.13163592e+12   8.92151071e+10   8.68091740e+10   9.19134618e+10
ZW1215         54.483929      56.683830      55.583881   2.99606737e+12   2.57473695e+12   3.41136114e+12   9.93253540e+10   9.67941079e+10   1.02173778e+11
ZW1215         56.683830      58.972561      57.828194   3.27570634e+12   2.82586802e+12   3.71615203e+12   1.10569120e+11   1.07867382e+11   1.13634189e+11
ZW1215         58.972561      61.353699      60.163128   3.57896815e+12   3.10146761e+12   4.04563611e+12   1.23120247e+11   1.20247321e+11   1.26335009e+11
ZW1215         61.353699      63.830982      62.592342   3.90736904e+12   3.40200207e+12   4.40325426e+12   1.37051955e+11   1.34054035e+11   1.40490260e+11
ZW1215         63.830982      66.408295      65.119637   4.26578883e+12   3.73226340e+12   4.79045773e+12   1.52599937e+11   1.49412397e+11   1.56250735e+11
ZW1215         66.408295      69.089661      67.748978   4.65282217e+12   4.09014397e+12   5.20826493e+12   1.69894904e+11   1.66503694e+11   1.73725204e+11
ZW1215         69.089661      71.879303      70.484482   5.07494426e+12   4.47797422e+12   5.66062062e+12   1.89124395e+11   1.85510986e+11   1.93156121e+11
ZW1215         71.879303      74.781578      73.330444   5.53208460e+12   4.90365256e+12   6.15261772e+12   2.10482266e+11   2.06665449e+11   2.14759539e+11
ZW1215         74.781578      77.801041      76.291313   6.02736217e+12   5.36350032e+12   6.68218006e+12   2.34261610e+11   2.30205260e+11   2.38754677e+11
ZW1215         77.801041      80.942421      79.371727   6.56722625e+12   5.86935068e+12   7.25710642e+12   2.60657496e+11   2.56322503e+11   2.65440575e+11
ZW1215         80.942421      84.210640      82.576530   7.15063820e+12   6.41245276e+12   7.87542547e+12   2.89991983e+11   2.85385327e+11   2.95044514e+11
ZW1215         84.210640      87.610817      85.910728   7.77987083e+12   7.00479491e+12   8.54490559e+12   3.22540732e+11   3.17660692e+11   3.27820182e+11
ZW1215         87.610817      91.148285      89.379555   8.46858237e+12   7.65001046e+12   9.26896724e+12   3.58629310e+11   3.53406484e+11   3.64207604e+11
ZW1215         91.148285      94.828590      92.988441   9.21152520e+12   8.35821974e+12   1.00482731e+13   3.98667350e+11   3.93079259e+11   4.04535575e+11
ZW1215         94.828590      98.657494      96.743042   1.00143160e+13   9.11864549e+12   1.08866012e+13   4.42880164e+11   4.37006664e+11   4.49141670e+11
ZW1215         98.657494     102.640991     100.649239   1.08840763e+13   9.94792440e+12   1.17924933e+13   4.91868160e+11   4.85694505e+11   4.98580161e+11
ZW1215        102.640991     106.785339     104.713165   1.18165162e+13   1.08482926e+13   1.27675495e+13   5.46052538e+11   5.39492712e+11   5.53348891e+11
ZW1215        106.785339     111.097015     108.941177   1.28303959e+13   1.18215672e+13   1.38133782e+13   6.05983932e+11   5.98905520e+11   6.13690704e+11
ZW1215        111.097015     115.582787     113.339905   1.39212064e+13   1.28703288e+13   1.49442003e+13   6.72169656e+11   6.64608834e+11   6.80309031e+11
ZW1215        115.582787     120.249687     117.916237   1.50933130e+13   1.40016416e+13   1.61664488e+13   7.45270018e+11   7.37126842e+11   7.53721082e+11
ZW1215        120.249687     125.105019     122.677353   1.63597297e+13   1.52353584e+13   1.74717005e+13   8.25742262e+11   8.17122705e+11   8.34615968e+11
ZW1215        125.105019     130.156387     127.630707   1.77231112e+13   1.65594414e+13   1.88842980e+13   9.14314035e+11   9.05184412e+11   9.23730772e+11
ZW1215        130.156387     135.411728     132.784058   1.91857447e+13   1.79940339e+13   2.03957889e+13   1.01171823e+12   1.00195369e+12   1.02171771e+12
ZW1215        135.411728     140.879257     138.145493   2.07701368e+13   1.95358915e+13   2.20115354e+13   1.11878183e+12   1.10850055e+12   1.12921739e+12
ZW1215        140.879257     146.567551     143.723404   2.24743664e+13   2.11966954e+13   2.37457354e+13   1.23629928e+12   1.22523379e+12   1.24732663e+12
ZW1215        146.567551     152.485519     149.526535   2.43021161e+13   2.29923084e+13   2.56135680e+13   1.36498237e+12   1.35350780e+12   1.37673061e+12
ZW1215        152.485519     158.642441     155.563980   2.62654111e+13   2.49196771e+13   2.76158910e+13   1.50610916e+12   1.49382588e+12   1.51844251e+12
ZW1215        158.642441     165.047958     161.845200   2.83750328e+13   2.70014234e+13   2.97652034e+13   1.66038458e+12   1.64741395e+12   1.67341261e+12
ZW1215        165.047958     171.712112     168.380035   3.06280325e+13   2.92360248e+13   3.20642272e+13   1.82899809e+12   1.81536634e+12   1.84234200e+12
ZW1215        171.712112     178.645355     175.178726   3.30556475e+13   3.16433624e+13   3.45215022e+13   2.01276693e+12   1.99841402e+12   2.02676280e+12
ZW1215        178.645355     185.858521     182.251938   3.56578419e+13   3.42140576e+13   3.71439593e+13   2.21299107e+12   2.19779983e+12   2.22779671e+12
ZW1215        185.858521     193.362946     189.610733   3.84368955e+13   3.69833133e+13   3.99562905e+13   2.43090561e+12   2.41503306e+12   2.44646386e+12
ZW1215        193.362946     201.170380     197.266663   4.14026668e+13   3.99416649e+13   4.29597519e+13   2.66798786e+12   2.65106227e+12   2.68415245e+12
ZW1215        201.170380     209.293060     205.231720   4.45789671e+13   4.31049461e+13   4.61519528e+13   2.92504365e+12   2.90708967e+12   2.94199781e+12
ZW1215        209.293060     217.743698     213.518372   4.79770035e+13   4.64916830e+13   4.95640484e+13   3.20361516e+12   3.18506035e+12   3.22186405e+12
ZW1215        217.743698     226.535553     222.139633   5.16166359e+13   5.01116316e+13   5.31987148e+13   3.50561711e+12   3.48601503e+12   3.52483095e+12
ZW1215        226.535553     235.682404     231.108978   5.54866783e+13   5.39657272e+13   5.70674360e+13   3.83218221e+12   3.81154335e+12   3.85220215e+12
ZW1215        235.682404     245.198563     240.440475   5.96277566e+13   5.80896088e+13   6.11947192e+13   4.18526370e+12   4.16306404e+12   4.20659095e+12
ZW1215        245.198563     255.098969     250.148773   6.40247755e+13   6.24642008e+13   6.55927028e+13   4.56611647e+12   4.54221732e+12   4.58904568e+12
ZW1215        255.098969     265.399109     260.249054   6.86877259e+13   6.71325576e+13   7.02680306e+13   4.97664708e+12   4.95143669e+12   5.00122518e+12
ZW1215        265.399109     276.115173     270.757141   7.36612644e+13   7.20810940e+13   7.52454950e+13   5.41888925e+12   5.39195290e+12   5.44500823e+12
ZW1215        276.115173     287.263885     281.689514   7.89468173e+13   7.73215496e+13   8.05615656e+13   5.89431937e+12   5.86617192e+12   5.92236511e+12
ZW1215        287.263885     298.862762     293.063324   8.45301741e+13   8.29088072e+13   8.62178446e+13   6.40527945e+12   6.37545533e+12   6.43510462e+12
ZW1215        298.862762     310.929962     304.896362   9.04715399e+13   8.88128353e+13   9.22098944e+13   6.95392115e+12   6.92261434e+12   6.98621415e+12
ZW1215        310.929962     323.484406     317.207184   9.67673245e+13   9.51009694e+13   9.85763194e+13   7.54280668e+12   7.50980012e+12   7.57685394e+12
ZW1215        323.484406     336.545776     330.015106   1.03431092e+14   1.01704314e+14   1.05299344e+14   8.17371913e+12   8.13810582e+12   8.21024470e+12
ZW1215        336.545776     350.134521     343.340149   1.10491691e+14   1.08697729e+14   1.12456764e+14   8.84924010e+12   8.81218447e+12   8.88818945e+12
ZW1215        350.134521     364.271912     357.203217   1.17920575e+14   1.16075383e+14   1.20029941e+14   9.57245555e+12   9.53191970e+12   9.61354190e+12
ZW1215        364.271912     378.980164     371.626038   1.25796497e+14   1.23883382e+14   1.28009806e+14   1.03449750e+13   1.03017831e+13   1.03892008e+13
ZW1215        378.980164     394.282257     386.631195   1.34104960e+14   1.32073717e+14   1.36491284e+14   1.11699663e+13   1.11240838e+13   1.12169299e+13
ZW1215        394.282257     410.202240     402.242249   1.42847693e+14   1.40704462e+14   1.45420060e+14   1.20485755e+13   1.20005067e+13   1.20992878e+13
ZW1215        410.202240     426.765015     418.483612   1.52065985e+14   1.49765644e+14   1.54874692e+14   1.29856344e+13   1.29347344e+13   1.30388559e+13
ZW1215        426.765015     443.996521     435.380768   1.61802877e+14   1.59293962e+14   1.64856532e+14   1.39826205e+13   1.39287918e+13   1.40400971e+13
ZW1215        443.996521     461.923798     452.960175   1.72025771e+14   1.69348463e+14   1.75273606e+14   1.50423365e+13   1.49844541e+13   1.51034329e+13
ZW1215        461.923798     480.574951     471.249390   1.82758308e+14   1.79911885e+14   1.86303098e+14   1.61679189e+13   1.61056450e+13   1.62323717e+13
ZW1215        480.574951     499.979156     490.277039   1.94027715e+14   1.90992699e+14   1.97835505e+14   1.73616681e+13   1.72949043e+13   1.74283901e+13
ZW1215        499.979156     520.166870     510.072998   2.05826241e+14   2.02568207e+14   2.09927264e+14   1.86265685e+13   1.85552612e+13   1.86961143e+13
ZW1215        520.166870     541.169678     530.668274   2.18216031e+14   2.14693738e+14   2.22572688e+14   1.99633163e+13   1.98878733e+13   2.00353723e+13
ZW1215        541.169678     563.020508     552.095093   2.31174685e+14   2.27348591e+14   2.35786457e+14   2.13752805e+13   2.12942549e+13   2.14530911e+13
ZW1215        563.020508     585.753662     574.387085   2.44745826e+14   2.40632153e+14   2.49640193e+14   2.28635810e+13   2.27770714e+13   2.29455251e+13
ZW1215        585.753662     609.404663     597.579163   2.58884657e+14   2.54522530e+14   2.64165185e+14   2.44314790e+13   2.43400536e+13   2.45181480e+13
ZW1215        609.404663     634.010681     621.707642   2.73688755e+14   2.68941222e+14   2.79257314e+14   2.60803018e+13   2.59834197e+13   2.61721424e+13
ZW1215        634.010681     659.610168     646.810425   2.89128978e+14   2.83998639e+14   2.95019190e+14   2.78107269e+13   2.77071004e+13   2.79107317e+13
ZW1215        659.610168     686.243286     672.926697   3.05128872e+14   2.99712112e+14   3.11406772e+14   2.96259882e+13   2.95146776e+13   2.97323201e+13
ZW1215        686.243286     713.951782     700.097534   3.21777910e+14   3.16066945e+14   3.28419506e+14   3.15242693e+13   3.14064304e+13   3.16389101e+13
ZW1215        713.951782     742.779114     728.365417   3.39108908e+14   3.32996297e+14   3.46039240e+14   3.35096725e+13   3.33839273e+13   3.36331339e+13
ZW1215        742.779114     772.770325     757.774719   3.57144080e+14   3.50633480e+14   3.64457268e+14   3.55812162e+13   3.54478079e+13   3.57129886e+13
ZW1215        772.770325     803.972534     788.371460   3.75829402e+14   3.68882594e+14   3.83406530e+14   3.77382628e+13   3.75956607e+13   3.78814689e+13
ZW1215        803.972534     836.434631     820.203552   3.95095115e+14   3.87732669e+14   4.02910245e+14   3.99815737e+13   3.98295512e+13   4.01332020e+13
ZW1215        836.434631     870.207397     853.320984   4.15021717e+14   4.07292822e+14   4.23239499e+14   4.23128728e+13   4.21481121e+13   4.24765219e+13
ZW1215        870.207397     905.343811     887.775635   4.35513845e+14   4.27307940e+14   4.44429358e+14   4.47298279e+13   4.45461467e+13   4.49033965e+13
ZW1215        905.343811     941.898987     923.621399   4.56741049e+14   4.47869492e+14   4.66228599e+14   4.72250948e+13   4.70317206e+13   4.74140985e+13
ZW1215        941.898987     979.930115     960.914551   4.78588508e+14   4.69041433e+14   4.88661246e+14   4.98059255e+13   4.95980013e+13   5.00075415e+13
ZW1215        979.930115    1019.496826     999.713440   5.01020921e+14   4.90764539e+14   5.11957484e+14   5.24634575e+13   5.22444855e+13   5.26820185e+13
ZW1215       1019.496826    1060.661133    1040.078979   5.24325648e+14   5.12966600e+14   5.35930717e+14   5.51966002e+13   5.49638373e+13   5.54332680e+13
ZW1215       1060.661133    1103.487549    1082.074341   5.48006152e+14   5.35471357e+14   5.60671842e+14   5.80043638e+13   5.77546475e+13   5.82601744e+13
ZW1215       1103.487549    1148.043091    1125.765381   5.72340094e+14   5.58445573e+14   5.86311019e+14   6.08786155e+13   6.06096473e+13   6.11600113e+13
ZW1215       1148.043091    1194.397827    1171.220459   5.97314524e+14   5.81694466e+14   6.12660643e+14   6.38235034e+13   6.35207753e+13   6.41291843e+13
ZW1215       1194.397827    1242.624023    1218.510864   6.22916757e+14   6.05324839e+14   6.39823090e+14   6.68287894e+13   6.64970493e+13   6.71605210e+13
ZW1215       1242.624023    1292.797607    1267.710815   6.49438918e+14   6.29084732e+14   6.67901103e+14   6.98908116e+13   6.95175983e+13   7.02545459e+13
ZW1215       1292.797607    1344.996948    1318.897339   6.76522109e+14   6.53748112e+14   6.96722683e+14   7.30022889e+13   7.25858868e+13   7.33950436e+13
ZW1215       1344.996948    1399.304077    1372.150513   7.04052380e+14   6.78570943e+14   7.26089320e+14   7.61502986e+13   7.56926917e+13   7.65931416e+13
ZW1215       1399.304077    1455.803833    1427.553955   7.31838738e+14   7.03337603e+14   7.56451987e+14   7.93362248e+13   7.88366161e+13   7.98413113e+13
ZW1215       1455.803833    1514.584961    1485.194458   7.60304707e+14   7.28359814e+14   7.87374745e+14   8.25550847e+13   8.20008913e+13   8.31250655e+13
ZW1215       1514.584961    1575.739502    1545.162231   7.89333586e+14   7.53603417e+14   8.18834643e+14   8.58037158e+13   8.51897368e+13   8.64402937e+13
ZW1215       1575.739502    1639.363281    1607.551392   8.18737402e+14   7.78520268e+14   8.51092867e+14   8.90773952e+13   8.83955524e+13   8.97718378e+13
ZW1215       1639.363281    1705.555908    1672.459595   8.48618496e+14   8.03427924e+14   8.83478330e+14   9.23770374e+13   9.15991366e+13   9.31424224e+13
ZW1215       1705.555908    1774.421265    1739.988647   8.78680851e+14   8.28843527e+14   9.17075241e+14   9.56799344e+13   9.48156477e+13   9.65285763e+13
ZW1215       1774.421265    1846.067261    1810.244263   9.09206190e+14   8.53564084e+14   9.50869185e+14   9.89904062e+13   9.80424432e+13   9.99333529e+13
ZW1215       1846.067261    1920.606079    1883.336670   9.39599862e+14   8.77740186e+14   9.85702242e+14   1.02306129e+14   1.01251304e+14   1.03342508e+14
ZW1215       1920.606079    1998.154541    1959.380371   9.70200027e+14   9.02065337e+14   1.02060865e+15   1.05635979e+14   1.04446055e+14   1.06778155e+14
ZW1215       1998.154541    2078.834229    2038.494385   1.00135565e+15   9.26045750e+14   1.05712379e+15   1.08971289e+14   1.07636662e+14   1.10207770e+14
ZW1215       2078.834229    2162.771484    2120.802734   1.03216761e+15   9.50016433e+14   1.09326903e+15   1.12291400e+14   1.10781627e+14   1.13659800e+14
ZW1215       2162.771484    2250.097900    2206.434570   1.06320056e+15   9.73982954e+14   1.13026145e+15   1.15606813e+14   1.13911987e+14   1.17103416e+14
ZW1215       2250.097900    2340.950195    2295.524170   1.09462885e+15   9.97986721e+14   1.16668102e+15   1.18906379e+14   1.17014253e+14   1.20592129e+14
ZW1215       2340.950195    2435.470947    2388.210693   1.12611170e+15   1.02032196e+15   1.20359372e+15   1.22187181e+14   1.20082882e+14   1.24138950e+14
ZW1215       2435.470947    2533.808105    2484.639648   1.15695869e+15   1.04363981e+15   1.24176417e+15   1.25487024e+14   1.23126847e+14   1.27713856e+14
ZW1215       2533.808105    2636.115967    2584.962158   1.18795172e+15   1.06505022e+15   1.27976510e+15   1.28728349e+14   1.26091130e+14   1.31346307e+14
ZW1215       2636.115967    2742.554688    2689.335205   1.21906245e+15   1.08690899e+15   1.31790870e+15   1.31999218e+14   1.29040430e+14   1.35055725e+14
